HOLE_ID,DEPTH,FROM,TO,LAYER,Ni,Fe,MgO,SiO2,,,HOLE_ID,,,,,,TRUE
ITB_A1,24,0,1,LIM,0.77,40.99,4.27,7.99,,,ITB_A1,,,,,,
ITB_A1,,1,2,LIM,0.84,42.22,2.2,7.41,,,,,,,,,
ITB_A1,,2,3,LIM,0.72,40.1,5.21,8.36,,,,,,,,,
ITB_A1,,3,4,LIM,0.89,38.23,6.03,10.68,,,,,,,,,
ITB_A1,,4,5,LIM,0.87,40.26,5.24,8.76,,,,,,,,,
ITB_A1,,5,6,LIM,0.98,40.47,4.46,7.37,,,,,,,,,
ITB_A1,,6,7,LIM,1.29,40.01,4.25,9.35,,,,,,,,,
ITB_A1,,7,8,LIM,1.42,40.11,4.21,11.14,,,,,,,,,
ITB_A1,,8,9,LIM,0.98,28.14,7.98,26.27,,,,,,,,,
ITB_A1,,9,10,SAP,0.81,6.71,36.12,38.37,,,,,,,,,
ITB_A1,,10,10.54,SAP,0.77,6.92,36.06,39.17,,,,,,,,,
ITB_A1,,10.54,11,SAP,0.85,14.9,16.13,39.41,,,,,,,,,
ITB_A1,,11,12,SAP,0.36,6.17,36.43,40.45,,,,,,,,,
ITB_A1,,12,13,SAP,1.09,18.71,12.84,37.28,,,,,,,,,
ITB_A1,,13,14,SAP,0.78,6.07,36.6,40.3,,,,,,,,,
ITB_A1,,14,15,SAP,0.75,6.04,37.48,40.05,,,,,,,,,
ITB_A1,,15,15.39,SAP,1.78,23.95,7.47,35.64,,,,,,,,,
ITB_A1,,15.39,16,SAP,0.46,7.72,33.74,40.87,,,,,,,,,
ITB_A1,,16,17,BRK,0.34,6.01,36.93,39.74,,,,,,,,,
ITB_A1,,17,18,BRK,0.33,5.89,36.59,41.52,,,,,,,,,
ITB_A1,,18,19,BRK,0,0,0,0,,,,,,,,,
ITB_A1,,19,20,BRK,0,0,0,0,,,,,,,,,
ITB_A1,,20,21,BRK,0,0,0,0,,,,,,,,,
ITB_A1,,21,22,BRK,0,0,0,0,,,,,,,,,
ITB_A1,,22,23,BRK,0,0,0,0,,,,,,,,,
ITB_A1,,23,24,BRK,0,0,0,0,,,,,,,,,
ITB_A2,15.5,0,1,LIM,0.38,37.52,3.55,14.19,,,ITB_A2,,,,,,
ITB_A2,,1,2,LIM,0.93,42.39,3.38,13.82,,,,,,,,,
ITB_A2,,2,3,LIM,0.71,41.05,3.29,13.36,,,,,,,,,
ITB_A2,,3,4,LIM,0.82,39.33,5.76,16.97,,,,,,,,,
ITB_A2,,4,5,LIM,0.24,5.55,51,37.45,,,,,,,,,
ITB_A2,,5,6,LIM,0.22,5.59,47.77,35.72,,,,,,,,,
ITB_A2,,6,7,LIM,1.1,43.44,3.2,13,,,,,,,,,
ITB_A2,,7,8,LIM,1.38,37.94,10.81,21.87,,,,,,,,,
ITB_A2,,8,9,LIM,0.9,29.93,14.94,27.88,,,,,,,,,
ITB_A2,,9,9.3,LIM,0.85,28.44,14.57,27.77,,,,,,,,,
ITB_A2,,9.3,10,LIM,0.2,4.76,41.59,38.91,,,,,,,,,
ITB_A2,,10,11,LIM,1.62,22.32,12.33,32.87,,,,,,,,,
ITB_A2,,11,12,LIM,0.22,6.74,39.67,37.58,,,,,,,,,
ITB_A2,,12,12.5,LIM,0.98,39.03,4.65,17.48,,,,,,,,,
ITB_A2,,12.5,13,BRK,0.22,5.8,43.74,36.54,,,,,,,,,
ITB_A2,,13,14,BRK,0,0,0,0,,,,,,,,,
ITB_A2,,14,15,BRK,0,0,0,0,,,,,,,,,
ITB_A2,,15,15.5,BRK,0,0,0,0,,,,,,,,,
ITB_A3,30,0,1,LIM,0.91,44.38,2.97,5.37,,,ITB_A3,,,,,,
ITB_A3,,1,2,LIM,0.91,44.4,3.09,5.46,,,,,,,,,
ITB_A3,,2,3,LIM,0.87,44.25,2.85,5.68,,,,,,,,,
ITB_A3,,3,4,LIM,0.94,42.97,3.34,6.98,,,,,,,,,
ITB_A3,,4,5,LIM,1,39.15,3.96,12.83,,,,,,,,,
ITB_A3,,5,6,LIM,1,33.58,7.21,18.5,,,,,,,,,
ITB_A3,,6,7,LIM,0.94,32.9,6.32,18.15,,,,,,,,,
ITB_A3,,7,8,LIM,0.93,33.7,5.95,17.53,,,,,,,,,
ITB_A3,,8,9,LIM,0.91,33.41,5.59,17.42,,,,,,,,,
ITB_A3,,9,10,LIM,0.93,33.86,4.55,18.21,,,,,,,,,
ITB_A3,,10,11,LIM,1,42.87,3.14,6.74,,,,,,,,,
ITB_A3,,11,12,SAP,1.2,30.82,7.05,23.37,,,,,,,,,
ITB_A3,,12,13,SAP,1.2,23.18,12.06,31.54,,,,,,,,,
ITB_A3,,13,14,SAP,0.99,17.14,20.77,33.04,,,,,,,,,
ITB_A3,,14,15,SAP,1.01,20.62,17.03,31.13,,,,,,,,,
ITB_A3,,15,15.35,SAP,0.51,8.98,32.07,41.08,,,,,,,,,
ITB_A3,,15.35,16,SAP,0.96,14.9,21.1,40.43,,,,,,,,,
ITB_A3,,16,17,SAP,1.39,17.28,17.97,41.02,,,,,,,,,
ITB_A3,,17,17.25,SAP,0.91,0.51,25.99,38.75,,,,,,,,,
ITB_A3,,17.25,18,SAP,0.31,7.2,34.12,43.05,,,,,,,,,
ITB_A3,,18,18.8,SAP,0.38,6.77,36.4,40.68,,,,,,,,,
ITB_A3,,18.8,19,SAP,0.92,34.83,5.81,15.05,,,,,,,,,
ITB_A3,,19,20,SAP,0.92,34.83,5.81,15.05,,,,,,,,,
ITB_A3,,20,20.35,SAP,0.82,7.64,29.68,43.58,,,,,,,,,
ITB_A3,,20.35,21,SAP,1.14,10.72,26.12,43.05,,,,,,,,,
ITB_A3,,21,22,SAP,1.19,10.04,29.56,43.85,,,,,,,,,
ITB_A3,,22,23,SAP,1.27,11.6,27.25,42.59,,,,,,,,,
ITB_A3,,23,23.3,SAP,1.27,11.6,27.25,42.59,,,,,,,,,
ITB_A3,,23.3,24,SAP,1.37,19.77,16.21,37.71,,,,,,,,,
ITB_A3,,24,24.45,SAP,1.51,17.69,16.79,39.8,,,,,,,,,
ITB_A3,,24.45,25,SAP,0.52,5.97,36.09,43.78,,,,,,,,,
ITB_A3,,25,26,SAP,0.54,6.42,36.98,42,,,,,,,,,
ITB_A3,,26,26.45,SAP,0.97,10.46,28.09,43.89,,,,,,,,,
ITB_A3,,26.45,27,BRK,0.37,7.12,34.87,42.63,,,,,,,,,
ITB_A3,,27,28,BRK,0.48,6.69,35.12,39.38,,,,,,,,,
ITB_A3,,28,29,BRK,0.43,6.37,36.05,44.87,,,,,,,,,
ITB_A3,,29,30,BRK,0.31,7.41,35.49,43.67,,,,,,,,,
ITB_A4,24,0,1,LIM,1.07,45.01,1.27,6.57,,,ITB_A4,,,,,,
ITB_A4,,1,2,LIM,1,44.03,2.07,6.77,,,,,,,,,
ITB_A4,,2,3,LIM,0.87,43.24,1.12,6.52,,,,,,,,,
ITB_A4,,3,4,LIM,1.08,43.08,3.06,6.66,,,,,,,,,
ITB_A4,,4,5,LIM,1.35,43.39,1.15,7.08,,,,,,,,,
ITB_A4,,5,6,LIM,1.35,45.76,1.01,8.28,,,,,,,,,
ITB_A4,,6,7,LIM,1.37,35.63,3.56,14.75,,,,,,,,,
ITB_A4,,7,8,LIM,1.37,35.88,3.97,17.31,,,,,,,,,
ITB_A4,,8,8.4,LIM,0.47,35.05,4.05,20,,,,,,,,,
ITB_A4,,8.4,9,SAP,0.45,6.67,36.16,41.33,,,,,,,,,
ITB_A4,,9,10,SAP,2.05,29.84,5.22,27.25,,,,,,,,,
ITB_A4,,10,11,SAP,1.87,27.49,5.45,27.67,,,,,,,,,
ITB_A4,,11,12,SAP,1.77,22.09,11.65,34.59,,,,,,,,,
ITB_A4,,12,12.5,SAP,1.88,25.41,8.02,32.87,,,,,,,,,
ITB_A4,,12.5,13,SAP,2.23,22.56,10.25,34.88,,,,,,,,,
ITB_A4,,13,14,SAP,2.01,14.93,21.2,41.64,,,,,,,,,
ITB_A4,,14,14.3,SAP,1.58,9.84,28.6,41.99,,,,,,,,,
ITB_A4,,14.3,15,SAP,0.54,6.71,35.38,42.53,,,,,,,,,
ITB_A4,,15,16,SAP,0.45,7.02,37.72,39.6,,,,,,,,,
ITB_A4,,16,17,SAP,0.65,7,35.34,40.21,,,,,,,,,
ITB_A4,,17,18,SAP,1.18,18.13,14.86,41.46,,,,,,,,,
ITB_A4,,18,19,SAP,1.52,22.49,10.18,37.76,,,,,,,,,
ITB_A4,,19,20,SAP,1.45,16.18,18.77,39.12,,,,,,,,,
ITB_A4,,20,21,SAP,0.72,7.88,32.6,43.52,,,,,,,,,
ITB_A4,,21,22,BRK,0.66,6.32,31.97,47.81,,,,,,,,,
ITB_A4,,22,23,BRK,0.39,6.49,37,41.36,,,,,,,,,
ITB_A4,,23,24,BRK,0,0,0,0,,,,,,,,,
ITB_A7,29,0,1,LIM,0.9,38.08,2.36,11.85,,,ITB_A7,,,,,,
ITB_A7,,1,1.5,LIM,1.01,41.13,1.76,11.42,,,,,,,,,
ITB_A7,,1.5,2,LIM,1.14,34.85,6.12,18.89,,,,,,,,,
ITB_A7,,2,3,LIM,1.06,39.85,2.34,12.26,,,,,,,,,
ITB_A7,,3,4,LIM,0.84,35.82,4.38,15.53,,,,,,,,,
ITB_A7,,4,4.4,LIM,0.91,15.95,22.01,39.53,,,,,,,,,
ITB_A7,,4.4,4.7,LIM,0.52,6.9,40.19,42.11,,,,,,,,,
ITB_A7,,4.7,5,LIM,1.65,29,8.75,29.36,,,,,,,,,
ITB_A7,,5,5.3,LIM,0.34,7.1,37.5,42.97,,,,,,,,,
ITB_A7,,5.3,5.5,LIM,1.15,24.56,11.32,31.08,,,,,,,,,
ITB_A7,,5.5,6,LIM,0.3,6.18,39.4,40.71,,,,,,,,,
ITB_A7,,6,7,LIM,0.44,6.98,38.31,42.1,,,,,,,,,
ITB_A7,,7,8,LIM,0.45,7.32,37.21,41.25,,,,,,,,,
ITB_A7,,8,8.6,LIM,1.22,6.83,40.23,40.7,,,,,,,,,
ITB_A7,,8.6,9,LIM,1.46,22.81,13.88,33.04,,,,,,,,,
ITB_A7,,9,9.25,LIM,1.38,29.91,8.4,25.69,,,,,,,,,
ITB_A7,,9.25,10,LIM,0.29,6.03,40.4,41.2,,,,,,,,,
ITB_A7,,10,11,LIM,0.34,6.74,42.19,40.65,,,,,,,,,
ITB_A7,,11,12,LIM,0.25,5.92,42.87,40.4,,,,,,,,,
ITB_A7,,12,12.3,SAP,0.49,6.67,40.38,42.02,,,,,,,,,
ITB_A7,,12.3,13,SAP,1.91,16.8,20.06,35.62,,,,,,,,,
ITB_A7,,13,14,SAP,1.76,11.42,25.04,39.37,,,,,,,,,
ITB_A7,,14,15,SAP,2.07,18.74,17.04,37.47,,,,,,,,,
ITB_A7,,15,15.65,SAP,1.94,17.6,18.9,39.36,,,,,,,,,
ITB_A7,,15.65,16,SAP,1.36,7.13,33.88,41.46,,,,,,,,,
ITB_A7,,16,17,SAP,1.64,8.46,31.27,40.71,,,,,,,,,
ITB_A7,,17,18,SAP,2.7,22.88,12.39,37.21,,,,,,,,,
ITB_A7,,18,18.5,SAP,2.57,17.65,14.64,38.1,,,,,,,,,
ITB_A7,,18.5,19,SAP,1.25,6.25,39.37,41.65,,,,,,,,,
ITB_A7,,19,20,SAP,0.7,7.93,37.89,40.3,,,,,,,,,
ITB_A7,,20,21,SAP,1.23,5.64,41.64,40.9,,,,,,,,,
ITB_A7,,21,22,SAP,1.24,5.81,40.78,38.06,,,,,,,,,
ITB_A7,,22,22.4,SAP,1.28,5.81,40.65,41.39,,,,,,,,,
ITB_A7,,22.4,23.7,SAP,1.75,15.94,18.78,39.93,,,,,,,,,
ITB_A7,,23.7,24,SAP,2.79,22.35,12.45,34.32,,,,,,,,,
ITB_A7,,24,25,BRK,0.36,6.57,39.71,42.39,,,,,,,,,
ITB_A7,,25,26,BRK,0.34,6.68,39.35,41.91,,,,,,,,,
ITB_A7,,26,27,BRK,1.41,15.18,20.56,40.9,,,,,,,,,
ITB_A7,,27,28,BRK,0.47,7.03,40.75,41.07,,,,,,,,,
ITB_A7,,28,29,BRK,0,0,0,0,,,,,,,,,
ITB_A7D,29,0,1,LIM,0.9,38.08,2.36,11.85,,,ITB_A7D,,,,,,
ITB_A7D,,1,1.5,LIM,1.01,41.13,1.76,11.42,,,,,,,,,
ITB_A7D,,1.5,2,LIM,1.14,34.85,6.12,18.89,,,,,,,,,
ITB_A7D,,2,3,LIM,1.06,39.85,2.34,12.26,,,,,,,,,
ITB_A7D,,3,4,LIM,0.84,35.82,4.38,15.53,,,,,,,,,
ITB_A7D,,4,4.4,LIM,0.91,15.95,22.01,39.53,,,,,,,,,
ITB_A7D,,4.4,4.7,LIM,0.52,6.9,40.19,42.11,,,,,,,,,
ITB_A7D,,4.7,5,LIM,1.65,29,8.75,29.36,,,,,,,,,
ITB_A7D,,5,5.3,LIM,0.34,7.1,37.5,42.97,,,,,,,,,
ITB_A7D,,5.3,5.5,LIM,1.15,24.56,11.32,31.08,,,,,,,,,
ITB_A7D,,5.5,6,LIM,0.3,6.18,39.4,40.71,,,,,,,,,
ITB_A7D,,6,7,LIM,0.44,6.98,38.31,42.1,,,,,,,,,
ITB_A7D,,7,8,LIM,0.45,7.32,37.21,41.25,,,,,,,,,
ITB_A7D,,8,8.6,LIM,0.42,6.83,40.23,40.7,,,,,,,,,
ITB_A7D,,8.6,9,LIM,0.49,22.81,13.88,33.04,,,,,,,,,
ITB_A7D,,9,9.25,LIM,0.26,29.91,8.4,25.69,,,,,,,,,
ITB_A7D,,9.25,10,SAP,0.79,6.03,40.4,41.2,,,,,,,,,
ITB_A7D,,10,11,SAP,0.74,6.74,42.19,40.65,,,,,,,,,
ITB_A7D,,11,12,SAP,1.78,5.92,42.87,40.4,,,,,,,,,
ITB_A7D,,12,12.3,SAP,1.76,6.67,40.38,42.02,,,,,,,,,
ITB_A7D,,12.3,13,SAP,1.91,16.8,20.06,35.62,,,,,,,,,
ITB_A7D,,13,14,SAP,1.76,11.42,25.04,39.37,,,,,,,,,
ITB_A7D,,14,15,SAP,2.27,18.74,17.04,37.47,,,,,,,,,
ITB_A7D,,15,15.65,SAP,1.94,17.6,18.9,39.36,,,,,,,,,
ITB_A7D,,15.65,16,SAP,1.36,7.13,33.88,41.46,,,,,,,,,
ITB_A7D,,16,17,SAP,1.64,8.46,31.27,40.71,,,,,,,,,
ITB_A7D,,17,18,SAP,2.7,22.88,12.39,37.21,,,,,,,,,
ITB_A7D,,18,18.5,SAP,2.57,17.65,14.64,38.1,,,,,,,,,
ITB_A7D,,18.5,19,SAP,1.25,6.25,39.37,41.65,,,,,,,,,
ITB_A7D,,19,20,SAP,0.7,7.93,37.89,40.3,,,,,,,,,
ITB_A7D,,20,21,SAP,1.21,5.64,41.64,40.9,,,,,,,,,
ITB_A7D,,21,22,SAP,1.27,5.81,40.78,38.06,,,,,,,,,
ITB_A7D,,22,22.4,SAP,1.28,5.81,40.65,41.39,,,,,,,,,
ITB_A7D,,22.4,23.7,SAP,1.75,15.94,18.78,39.93,,,,,,,,,
ITB_A7D,,23.7,24,SAP,2.79,22.35,12.45,34.32,,,,,,,,,
ITB_A7D,,24,25,BRK,0.36,6.57,39.71,42.39,,,,,,,,,
ITB_A7D,,25,26,BRK,0.34,6.68,39.35,41.91,,,,,,,,,
ITB_A7D,,26,27,BRK,1.41,15.18,20.56,40.9,,,,,,,,,
ITB_A7D,,27,28,BRK,0.47,7.03,40.75,41.07,,,,,,,,,
ITB_A7D,,28,29,BRK,0,0,0,0,,,,,,,,,
ITB_A7D1,29,0,1,LIM,0.9,38.08,2.36,11.85,,,ITB_A7D1,,,,,,
ITB_A7D1,,1,1.5,LIM,1.01,41.13,1.76,11.42,,,,,,,,,
ITB_A7D1,,1.5,2,LIM,1.14,34.85,6.12,18.89,,,,,,,,,
ITB_A7D1,,2,3,LIM,1.06,39.85,2.34,12.26,,,,,,,,,
ITB_A7D1,,3,4,LIM,0.84,35.82,4.38,15.53,,,,,,,,,
ITB_A7D1,,4,4.4,LIM,0.91,15.95,22.01,39.53,,,,,,,,,
ITB_A7D1,,4.4,4.7,LIM,0.52,6.9,40.19,42.11,,,,,,,,,
ITB_A7D1,,4.7,5,LIM,1.65,29,8.75,29.36,,,,,,,,,
ITB_A7D1,,5,5.3,LIM,0.34,7.1,37.5,42.97,,,,,,,,,
ITB_A7D1,,5.3,5.5,LIM,1.15,24.56,11.32,31.08,,,,,,,,,
ITB_A7D1,,5.5,6,LIM,0.3,6.18,39.4,40.71,,,,,,,,,
ITB_A7D1,,6,7,LIM,0.44,6.98,38.31,42.1,,,,,,,,,
ITB_A7D1,,7,8,LIM,0.45,7.32,37.21,41.25,,,,,,,,,
ITB_A7D1,,8,8.6,LIM,0.42,6.83,40.23,40.7,,,,,,,,,
ITB_A7D1,,8.6,9,LIM,1.76,22.81,13.88,33.04,,,,,,,,,
ITB_A7D1,,9,9.25,LIM,1.78,29.91,8.4,25.69,,,,,,,,,
ITB_A7D1,,9.25,10,LIM,0.29,6.03,40.4,41.2,,,,,,,,,
ITB_A7D1,,10,11,LIM,0.34,6.74,42.19,40.65,,,,,,,,,
ITB_A7D1,,11,12,LIM,0.25,5.92,42.87,40.4,,,,,,,,,
ITB_A7D1,,12,12.3,LIM,0.49,6.67,40.38,42.02,,,,,,,,,
ITB_A7D1,,12.3,13,SAP,1.91,16.8,20.06,35.62,,,,,,,,,
ITB_A7D1,,13,14,SAP,1.76,11.42,25.04,39.37,,,,,,,,,
ITB_A7D1,,14,15,SAP,2.07,18.74,17.04,37.47,,,,,,,,,
ITB_A7D1,,15,15.65,SAP,1.94,17.6,18.9,39.36,,,,,,,,,
ITB_A7D1,,15.65,16,SAP,1.36,7.13,33.88,41.46,,,,,,,,,
ITB_A7D1,,16,17,SAP,1.64,8.46,31.27,40.71,,,,,,,,,
ITB_A7D1,,17,18,SAP,2.7,22.88,12.39,37.21,,,,,,,,,
ITB_A7D1,,18,18.5,SAP,2.57,17.65,14.64,38.1,,,,,,,,,
ITB_A7D1,,18.5,19,SAP,1.24,6.25,39.37,41.65,,,,,,,,,
ITB_A7D1,,19,20,SAP,0.7,7.93,37.89,40.3,,,,,,,,,
ITB_A7D1,,20,21,SAP,1.23,5.64,41.64,40.9,,,,,,,,,
ITB_A7D1,,21,22,SAP,1.24,5.81,40.78,38.06,,,,,,,,,
ITB_A7D1,,22,22.4,SAP,1.28,5.81,40.65,41.39,,,,,,,,,
ITB_A7D1,,22.4,23.7,SAP,1.75,15.94,18.78,39.93,,,,,,,,,
ITB_A7D1,,23.7,24,SAP,2.79,22.35,12.45,34.32,,,,,,,,,
ITB_A7D1,,24,25,BRK,0.36,6.57,39.71,42.39,,,,,,,,,
ITB_A7D1,,25,26,BRK,0.34,6.68,39.35,41.91,,,,,,,,,
ITB_A7D1,,26,27,BRK,1.41,15.18,20.56,40.9,,,,,,,,,
ITB_A7D1,,27,28,BRK,0.47,7.03,40.75,41.07,,,,,,,,,
ITB_A7D1,,28,29,BRK,0,0,0,0,,,,,,,,,
ITB_A10,13.8,0,1,LIM,1.36,18.35,15.31,26.71,,,ITB_A10,,,,,,
ITB_A10,,1,2,LIM,1.16,26.29,6.05,20.96,,,,,,,,,
ITB_A10,,2,3,LIM,0.74,15.55,19.77,38.45,,,,,,,,,
ITB_A10,,3,4,LIM,1.28,26.91,6.01,16.02,,,,,,,,,
ITB_A10,,4,5,LIM,1.32,20.23,10.93,27.95,,,,,,,,,
ITB_A10,,5,6,LIM,1.65,26.87,6.58,21.49,,,,,,,,,
ITB_A10,,6,7,SAP,1.73,26.91,6.69,21.55,,,,,,,,,
ITB_A10,,7,8,SAP,1.69,26.32,6.22,22.24,,,,,,,,,
ITB_A10,,8,9,SAP,0.82,14.79,20.47,32.91,,,,,,,,,
ITB_A10,,9,9.75,SAP,1.96,24.56,12.43,35.58,,,,,,,,,
ITB_A10,,9.75,10,BRK,1.39,27.58,6.5,21.53,,,,,,,,,
ITB_A10,,10,11,BRK,0.47,6.32,40.01,42.57,,,,,,,,,
ITB_A10,,11,12,BRK,1.46,22.69,8.5,28.53,,,,,,,,,
ITB_A10,,12,13,BRK,0,0,0,0,,,,,,,,,
ITB_A10,,13,13.8,BRK,0,0,0,0,,,,,,,,,
ITB_B3,20,0,1,LIM,0,0,0,0,,,ITB_B3,,,,,,
ITB_B3,,1,2,LIM,0.56,38.98,2.84,12.86,,,,,,,,,
ITB_B3,,2,3,LIM,0.72,41.4,2.78,12.28,,,,,,,,,
ITB_B3,,3,4,LIM,0.82,40.81,1.94,12.54,,,,,,,,,
ITB_B3,,4,5,LIM,0.99,40.15,3.2,13.64,,,,,,,,,
ITB_B3,,5,6,LIM,1.42,42.96,2.82,12.98,,,,,,,,,
ITB_B3,,6,7,LIM,1.73,42.2,1.9,13.58,,,,,,,,,
ITB_B3,,7,8,LIM,2.01,39.03,6.58,20.31,,,,,,,,,
ITB_B3,,8,9,LIM,1.99,38.47,3.82,19.27,,,,,,,,,
ITB_B3,,9,10,LIM,2,39.24,3.89,20.22,,,,,,,,,
ITB_B3,,10,11,LIM,1.81,31.79,3.91,19.79,,,,,,,,,
ITB_B3,,11,12,SAP,1.57,25.02,3.33,24.42,,,,,,,,,
ITB_B3,,12,13,SAP,1.28,5.8,31.33,36.33,,,,,,,,,
ITB_B3,,13,13.75,SAP,0.76,7.65,11.85,32.9,,,,,,,,,
ITB_B3,,13.75,14,SAP,2.34,27.63,2.88,21.5,,,,,,,,,
ITB_B3,,14,15,SAP,2.04,23.29,10.07,30.48,,,,,,,,,
ITB_B3,,15,16,SAP,2.53,32.48,6.23,24.43,,,,,,,,,
ITB_B3,,16,17,BRK,2.03,24.4,9.52,28.88,,,,,,,,,
ITB_B3,,17,18,BRK,0,0,0,0,,,,,,,,,
ITB_B3,,18,19,BRK,0,0,0,0,,,,,,,,,
ITB_B3,,19,20,BRK,0,0,0,0,,,,,,,,,
ITB_B5,20,0,0.75,LIM,0.97,38.1,2.87,13.69,,,ITB_B5,,,,,,
ITB_B5,,0.75,1,LIM,0.3,6.63,39.77,42.23,,,,,,,,,
ITB_B5,,1,1.2,LIM,0.38,8.5,34.03,42.84,,,,,,,,,
ITB_B5,,1.2,2,LIM,0.78,27.33,6.84,30.84,,,,,,,,,
ITB_B5,,2,3,LIM,1.16,27.03,12.47,29.69,,,,,,,,,
ITB_B5,,3,4,LIM,1.07,21.94,15.66,31.17,,,,,,,,,
ITB_B5,,4,5,LIM,1.29,27.35,5.1,32.45,,,,,,,,,
ITB_B5,,5,5.4,LIM,1.38,26.57,9.27,30.1,,,,,,,,,
ITB_B5,,5.4,5.75,LIM,0.65,12.23,24.8,38.11,,,,,,,,,
ITB_B5,,5.75,6,LIM,0.58,6.41,37.82,40.62,,,,,,,,,
ITB_B5,,6,6.3,LIM,0.79,5.82,35.82,40.14,,,,,,,,,
ITB_B5,,6.3,7,LIM,1.46,17.76,16.14,38.07,,,,,,,,,
ITB_B5,,7,8,SAP,1.74,17.03,19.45,37.82,,,,,,,,,
ITB_B5,,8,8.6,SAP,2.03,14.23,22.72,41.75,,,,,,,,,
ITB_B5,,8.6,9,SAP,1.93,12.01,25.68,42.07,,,,,,,,,
ITB_B5,,9,9.7,SAP,2.46,19.74,17.4,36.23,,,,,,,,,
ITB_B5,,9.7,10,SAP,0.91,8.32,37.27,42.77,,,,,,,,,
ITB_B5,,10,10.6,SAP,0.4,6.45,40.92,41.98,,,,,,,,,
ITB_B5,,10.6,10.8,SAP,1.97,21.74,15.88,36.74,,,,,,,,,
ITB_B5,,10.8,11,SAP,0.41,7.39,36.32,42.31,,,,,,,,,
ITB_B5,,11,12,SAP,0.24,5.71,39.11,40.04,,,,,,,,,
ITB_B5,,12,13,SAP,0.58,6.86,39.3,42.7,,,,,,,,,
ITB_B5,,13,13.7,SAP,0.67,6.92,38.05,42.83,,,,,,,,,
ITB_B5,,13.7,14,SAP,1.69,17.48,20.11,38.42,,,,,,,,,
ITB_B5,,14,15,SAP,2.14,19.67,19.53,36.08,,,,,,,,,
ITB_B5,,15,15.6,SAP,1.94,15.86,20.36,37.12,,,,,,,,,
ITB_B5,,15.6,16,SAP,0.7,7.41,36.59,41.68,,,,,,,,,
ITB_B5,,16,17,BRK,0.25,5.82,42.21,41.5,,,,,,,,,
ITB_B5,,17,17.3,BRK,0.25,5.93,42.3,41.53,,,,,,,,,
ITB_B5,,17.3,18,BRK,1.92,20.04,17.08,34.89,,,,,,,,,
ITB_B5,,18,19,BRK,2.32,21.67,13.08,36.14,,,,,,,,,
ITB_B5,,19,20,BRK,0.49,6.03,37.51,41.16,,,,,,,,,
ITB_B7,30,0,1,LIM,1.11,42.88,0.63,1.34,,,ITB_B7,,,,,,
ITB_B7,,1,2,LIM,1.25,43.91,0.5,1.24,,,,,,,,,
ITB_B7,,2,3,LIM,1.52,42.05,0.72,1.24,,,,,,,,,
ITB_B7,,3,4,LIM,1.25,44.28,0.54,1.32,,,,,,,,,
ITB_B7,,4,5,LIM,1.33,44.39,1.05,2.06,,,,,,,,,
ITB_B7,,5,6,LIM,1.14,37.24,2.91,7.66,,,,,,,,,
ITB_B7,,6,7,LIM,1.2,41.5,1.47,5.23,,,,,,,,,
ITB_B7,,7,8,LIM,1.36,33.94,5.61,16.13,,,,,,,,,
ITB_B7,,8,9,LIM,1.48,35.2,2.47,11.4,,,,,,,,,
ITB_B7,,9,10,LIM,1.52,33.39,3.52,13.49,,,,,,,,,
ITB_B7,,10,11,LIM,1.33,24.37,6.35,16.69,,,,,,,,,
ITB_B7,,11,12,SAP,1.75,25.17,6.59,21.41,,,,,,,,,
ITB_B7,,12,13,SAP,1.84,21.03,7.39,19.85,,,,,,,,,
ITB_B7,,13,14,SAP,2.03,21.88,7.37,19.75,,,,,,,,,
ITB_B7,,14,14.44,SAP,2.12,25.5,6.96,18.31,,,,,,,,,
ITB_B7,,14.44,15,SAP,0.34,5.92,22.73,24.65,,,,,,,,,
ITB_B7,,15,15.35,SAP,0.4,6.47,19.91,21.68,,,,,,,,,
ITB_B7,,15.35,16,SAP,1.59,25.43,4.41,17.26,,,,,,,,,
ITB_B7,,16,17,SAP,0.21,6.02,25.93,24.06,,,,,,,,,
ITB_B7,,17,17.5,SAP,0.21,6.16,24.95,23.88,,,,,,,,,
ITB_B7,,17.5,18,SAP,2.16,41.13,2.38,9.17,,,,,,,,,
ITB_B7,,18,19,SAP,2.21,44.12,1.33,7.9,,,,,,,,,
ITB_B7,,19,20,SAP,1.88,36.07,1.63,13.75,,,,,,,,,
ITB_B7,,20,20.7,SAP,1.54,19.52,5.22,22.31,,,,,,,,,
ITB_B7,,20.7,21,SAP,1.29,7.86,16.62,26.85,,,,,,,,,
ITB_B7,,21,22,BRK,0.62,7.65,24.98,28.36,,,,,,,,,
ITB_B7,,22,22.6,BRK,0.29,6.24,22.72,23.6,,,,,,,,,
ITB_B7,,22.6,23,BRK,1.39,22.24,8.66,20.18,,,,,,,,,
ITB_B7,,23,24,BRK,0.22,6.63,26.9,25.61,,,,,,,,,
ITB_B7,,24,25,BRK,1.56,19.41,12.58,22.17,,,,,,,,,
ITB_B7,,25,26,BRK,1.19,9.89,20.16,27.86,,,,,,,,,
ITB_B7,,26,27,BRK,0.35,6.61,22.93,26.32,,,,,,,,,
ITB_B7,,27,27.4,BRK,0.6,7.12,20.55,27.54,,,,,,,,,
ITB_B7,,27.4,28,BRK,1.29,10.93,16.93,31.59,,,,,,,,,
ITB_B7,,28,29,BRK,0.57,6.72,25.81,32.02,,,,,,,,,
ITB_B7,,29,30,BRK,0,0,0,0,,,,,,,,,
ITB_B9,23.6,0,1,LIM,0.69,42.43,0.83,3.13,,,ITB_B9,,,,,,
ITB_B9,,1,2,LIM,0.84,42.8,1.06,2.4,,,,,,,,,
ITB_B9,,2,3,LIM,1.13,42.87,0.98,2.63,,,,,,,,,
ITB_B9,,3,4,LIM,1.42,41.17,0.94,2.6,,,,,,,,,
ITB_B9,,4,5,LIM,0.91,42.25,1.16,2.07,,,,,,,,,
ITB_B9,,5,6,LIM,1.22,39.4,0.99,2.86,,,,,,,,,
ITB_B9,,6,7,LIM,1.48,39.99,0.54,2.94,,,,,,,,,
ITB_B9,,7,8,LIM,1.17,41.08,1.15,3.8,,,,,,,,,
ITB_B9,,8,9,LIM,0.72,34.64,1.12,2.96,,,,,,,,,
ITB_B9,,9,10,SAP,0.93,35.5,0.96,5.47,,,,,,,,,
ITB_B9,,10,11,SAP,1.17,40.98,1.08,3.36,,,,,,,,,
ITB_B9,,11,12,SAP,1.2,39.17,1.08,3.27,,,,,,,,,
ITB_B9,,12,13,SAP,1.1,34.8,3.84,10.75,,,,,,,,,
ITB_B9,,13,14,SAP,1.48,36.39,3.54,12.38,,,,,,,,,
ITB_B9,,14,15,SAP,2.31,34.16,5.12,14.99,,,,,,,,,
ITB_B9,,15,16,SAP,2.01,16.99,21.42,37.42,,,,,,,,,
ITB_B9,,16,17,SAP,3.38,30.27,4.15,21.88,,,,,,,,,
ITB_B9,,17,18,SAP,2.55,33.1,4.13,18.9,,,,,,,,,
ITB_B9,,18,19,SAP,2.93,26.06,10.31,27.07,,,,,,,,,
ITB_B9,,19,19.3,BRK,0.4,6.26,40.56,44.02,,,,,,,,,
ITB_B9,,19.3,19.7,BRK,1.67,19.49,18.27,29.98,,,,,,,,,
ITB_B9,,19.7,20,BRK,0.38,7.75,40.79,42.92,,,,,,,,,
ITB_B9,,20,21,BRK,0,0,0,0,,,,,,,,,
ITB_B9,,21,22,BRK,0,0,0,0,,,,,,,,,
ITB_B9,,22,23,BRK,0,0,0,0,,,,,,,,,
ITB_B9,,23,23.6,BRK,0,0,0,0,,,,,,,,,
ITB_C1,29,0,1,LIM,0.64,33.59,1.89,4.66,,,ITB_C1,,,,,,
ITB_C1,,1,2,LIM,0.82,35.52,2.03,4.8,,,,,,,,,
ITB_C1,,2,3,LIM,1.06,33.04,4.55,5.19,,,,,,,,,
ITB_C1,,3,4,LIM,1.04,24.58,2.89,5.9,,,,,,,,,
ITB_C1,,4,5,LIM,1.21,34.46,3.08,4.06,,,,,,,,,
ITB_C1,,5,6,LIM,0.99,34.74,2.45,5.11,,,,,,,,,
ITB_C1,,6,7,LIM,1.01,36.49,2.09,5.03,,,,,,,,,
ITB_C1,,7,8,LIM,1.25,34.33,2.26,5.62,,,,,,,,,
ITB_C1,,8,9,LIM,1.31,30.67,3.66,6.56,,,,,,,,,
ITB_C1,,9,10,LIM,1.53,28.97,3.14,6.33,,,,,,,,,
ITB_C1,,10,11,LIM,1.39,34.58,2.26,5.16,,,,,,,,,
ITB_C1,,11,12,LIM,1.22,32.87,3.34,6.59,,,,,,,,,
ITB_C1,,12,13,LIM,1.07,34.75,2.33,5.33,,,,,,,,,
ITB_C1,,13,14,LIM,1.12,35.56,2.36,5.39,,,,,,,,,
ITB_C1,,14,15,LIM,1.59,31.8,3.15,5.35,,,,,,,,,
ITB_C1,,15,16,LIM,1.43,35.43,2.07,4.45,,,,,,,,,
ITB_C1,,16,17,LIM,1.12,17.36,4.06,9.42,,,,,,,,,
ITB_C1,,17,18,SAP,0.89,17.24,3.08,7.54,,,,,,,,,
ITB_C1,,18,19,SAP,0.27,4.29,15.45,12.67,,,,,,,,,
ITB_C1,,19,20,SAP,1.8,29.26,2.68,5.4,,,,,,,,,
ITB_C1,,20,20.5,SAP,2.7,22.08,3.94,9.66,,,,,,,,,
ITB_C1,,20.5,21,SAP,0.4,4.18,16,12.95,,,,,,,,,
ITB_C1,,21,22,SAP,0.35,3.07,17.27,13.83,,,,,,,,,
ITB_C1,,22,22.5,SAP,0.27,3.08,17.17,13.63,,,,,,,,,
ITB_C1,,22.5,23,SAP,3.07,28.12,3.4,8.2,,,,,,,,,
ITB_C1,,23,23.4,SAP,2.88,21.7,4.27,10.46,,,,,,,,,
ITB_C1,,23.4,24,SAP,0.16,2.56,16.24,13.51,,,,,,,,,
ITB_C1,,24,25,SAP,0.18,3.09,18.86,13.41,,,,,,,,,
ITB_C1,,25,26,SAP,1.1,8.7,11.51,12.04,,,,,,,,,
ITB_C1,,26,26.4,SAP,0.65,5.78,14.14,13.04,,,,,,,,,
ITB_C1,,26.4,27,SAP,1.64,10.49,10.58,13.94,,,,,,,,,
ITB_C1,,27,27.3,SAP,1.75,12.98,8.7,12.06,,,,,,,,,
ITB_C1,,27.3,28,BRK,0.69,6.71,13.56,13.19,,,,,,,,,
ITB_C1,,28,28.6,BRK,0.89,8.31,11.11,13.05,,,,,,,,,
ITB_C1,,28.6,29,BRK,0.31,4.04,16.53,13.72,,,,,,,,,
ITB_C1D,29,0,1,LIM,0.64,33.59,1.89,4.66,,,ITB_C1D,,,,,,
ITB_C1D,,1,2,LIM,1.02,35.52,2.03,4.8,,,,,,,,,
ITB_C1D,,2,3,LIM,1.26,33.04,4.55,5.19,,,,,,,,,
ITB_C1D,,3,4,LIM,1.34,24.58,2.89,5.9,,,,,,,,,
ITB_C1D,,4,5,LIM,1.41,34.46,3.08,4.06,,,,,,,,,
ITB_C1D,,5,6,LIM,1.29,34.74,2.45,5.11,,,,,,,,,
ITB_C1D,,6,7,LIM,1.11,36.49,2.09,5.03,,,,,,,,,
ITB_C1D,,7,8,LIM,1.25,34.33,2.26,5.62,,,,,,,,,
ITB_C1D,,8,9,LIM,0.91,30.67,3.66,6.56,,,,,,,,,
ITB_C1D,,9,10,LIM,1.53,28.97,3.14,6.33,,,,,,,,,
ITB_C1D,,10,11,SAP,1.39,34.58,2.26,5.16,,,,,,,,,
ITB_C1D,,11,12,SAP,1.22,32.87,3.34,6.59,,,,,,,,,
ITB_C1D,,12,13,SAP,2.07,34.75,2.33,5.33,,,,,,,,,
ITB_C1D,,13,14,SAP,2.12,35.56,2.36,5.39,,,,,,,,,
ITB_C1D,,14,15,SAP,1.59,31.8,3.15,5.35,,,,,,,,,
ITB_C1D,,15,16,SAP,1.83,35.43,2.07,4.45,,,,,,,,,
ITB_C1D,,16,17,SAP,1.92,17.36,4.06,9.42,,,,,,,,,
ITB_C1D,,17,18,SAP,0.89,17.24,3.08,7.54,,,,,,,,,
ITB_C1D,,18,19,SAP,0.27,4.29,15.45,12.67,,,,,,,,,
ITB_C1D,,19,20,SAP,1.8,29.26,2.68,5.4,,,,,,,,,
ITB_C1D,,20,20.5,BRK,2.7,22.08,3.94,9.66,,,,,,,,,
ITB_C1D,,20.5,21,BRK,0.4,4.18,16,12.95,,,,,,,,,
ITB_C1D,,21,22,BRK,0.35,3.07,17.27,13.83,,,,,,,,,
ITB_C1D,,22,22.5,BRK,0.27,3.08,17.17,13.63,,,,,,,,,
ITB_C1D,,22.5,23,BRK,3.07,28.12,3.4,8.2,,,,,,,,,
ITB_C1D,,23,23.4,BRK,2.88,21.7,4.27,10.46,,,,,,,,,
ITB_C1D,,23.4,24,BRK,0.16,2.56,16.24,13.51,,,,,,,,,
ITB_C1D,,24,25,BRK,0.18,3.09,18.86,13.41,,,,,,,,,
ITB_C1D,,25,26,BRK,1.1,8.7,11.51,12.04,,,,,,,,,
ITB_C1D,,26,26.4,BRK,0.65,5.78,14.14,13.04,,,,,,,,,
ITB_C1D,,26.4,27,BRK,1.64,10.49,10.58,13.94,,,,,,,,,
ITB_C1D,,27,27.3,BRK,1.75,12.98,8.7,12.06,,,,,,,,,
ITB_C1D,,27.3,28,BRK,0.69,6.71,13.56,13.19,,,,,,,,,
ITB_C1D,,28,28.6,BRK,0.89,8.31,11.11,13.05,,,,,,,,,
ITB_C1D,,28.6,29,BRK,0.31,4.04,16.53,13.72,,,,,,,,,
ITB_C4,24,0,1,LIM,1.37,48.07,6.47,7.58,,,ITB_C4,,,,,,
ITB_C4,,1,2,LIM,1.36,38.13,6.14,6.31,,,,,,,,,
ITB_C4,,2,3,LIM,1.27,43.93,5.69,9.58,,,,,,,,,
ITB_C4,,3,4,LIM,1.37,43.79,6.5,10.06,,,,,,,,,
ITB_C4,,4,5,LIM,1.48,37.31,6.38,7.97,,,,,,,,,
ITB_C4,,5,6,LIM,1.47,38.14,5.85,6.67,,,,,,,,,
ITB_C4,,6,7,LIM,1.37,35.07,5.56,6.62,,,,,,,,,
ITB_C4,,7,8,LIM,1.37,42.09,4.82,8.68,,,,,,,,,
ITB_C4,,8,9,LIM,1.62,39.79,5.17,11.69,,,,,,,,,
ITB_C4,,9,10,LIM,1.38,40.03,4.71,11.99,,,,,,,,,
ITB_C4,,10,11,LIM,1.73,32.61,4.54,9.19,,,,,,,,,
ITB_C4,,11,11.5,LIM,0.27,5.31,51.39,52.49,,,,,,,,,
ITB_C4,,11.5,12,SAP,2.04,36.94,7.03,22.47,,,,,,,,,
ITB_C4,,12,13,SAP,1.79,28.98,5.84,12.47,,,,,,,,,
ITB_C4,,13,14,SAP,2.71,39.54,7.9,22.26,,,,,,,,,
ITB_C4,,14,14.5,SAP,3.5,31.58,8.95,30.73,,,,,,,,,
ITB_C4,,14.5,15,BRK,0.39,6.29,46.19,47.7,,,,,,,,,
ITB_C4,,15,15.75,BRK,2.87,32.02,11.72,30.8,,,,,,,,,
ITB_C4,,15.75,16,BRK,0.31,4.43,44.13,52,,,,,,,,,
ITB_C4,,16,17,BRK,0.88,11.19,31.92,45.91,,,,,,,,,
ITB_C4,,17,17.5,BRK,1.09,12.23,26.43,47.94,,,,,,,,,
ITB_C4,,17.5,18,BRK,1.05,15.38,25.19,43.95,,,,,,,,,
ITB_C4,,18,18.15,BRK,0.75,8.25,33.97,50.32,,,,,,,,,
ITB_C4,,18.15,19,BRK,0.27,4.13,45.34,53,,,,,,,,,
ITB_C4,,19,20,BRK,0.23,4.19,49.12,52.38,,,,,,,,,
ITB_C4,,20,20.4,BRK,0.27,4,44.96,53.4,,,,,,,,,
ITB_C4,,20.4,21,BRK,1.46,21.06,19.73,43.22,,,,,,,,,
ITB_C4,,21,22,BRK,0.33,4.52,43.14,52.41,,,,,,,,,
ITB_C4,,22,23,BRK,0.21,3.42,47.35,56.85,,,,,,,,,
ITB_C4,,23,24,BRK,0.21,3.81,51.82,57.84,,,,,,,,,
ITB_C7,17,0,1,LIM,0.67,37.12,1.31,3.21,,,ITB_C7,,,,,,
ITB_C7,,1,2,LIM,0.95,36.72,1.26,3.12,,,,,,,,,
ITB_C7,,2,3,LIM,1.19,38.92,1.52,3.11,,,,,,,,,
ITB_C7,,3,4,LIM,1.08,39.36,1.52,3.07,,,,,,,,,
ITB_C7,,4,5,LIM,1.15,33.9,1.25,3.03,,,,,,,,,
ITB_C7,,5,6,LIM,1.34,37.81,1.46,3.02,,,,,,,,,
ITB_C7,,6,7,LIM,0.79,33.55,0.95,3.11,,,,,,,,,
ITB_C7,,7,8,LIM,1.08,36.67,4.14,3.75,,,,,,,,,
ITB_C7,,8,9,LIM,1.26,26.53,1.44,5.67,,,,,,,,,
ITB_C7,,9,10,LIM,1.46,25.8,1.2,5.75,,,,,,,,,
ITB_C7,,10,10.2,LIM,0.24,3.51,16.45,11.98,,,,,,,,,
ITB_C7,,10.2,11,LIM,2.17,29.81,1.26,6.25,,,,,,,,,
ITB_C7,,11,12,LIM,2.19,25.19,1.48,7.3,,,,,,,,,
ITB_C7,,12,13,SAP,2.46,31.13,1.23,6.13,,,,,,,,,
ITB_C7,,13,14,SAP,2,19.78,5.45,9.18,,,,,,,,,
ITB_C7,,14,15,SAP,0.56,5.28,14.01,11.65,,,,,,,,,
ITB_C7,,15,16,BRK,2.39,21.69,4.98,9.34,,,,,,,,,
ITB_C7,,16,16.5,BRK,0.91,17.1,5.7,8.55,,,,,,,,,
ITB_C7,,16.5,17,BRK,0.82,5.15,14.99,13.11,,,,,,,,,
ITB_C8,31,0,1,LIM,1.02,49.63,0.32,0.39,,,ITB_C8,,,,,,
ITB_C8,,1,2,LIM,0.96,42.93,0.65,1.2,,,,,,,,,
ITB_C8,,2,3,LIM,1.19,44.39,3.96,4.9,,,,,,,,,
ITB_C8,,3,4,LIM,1.18,44.09,4.17,4.87,,,,,,,,,
ITB_C8,,4,5,LIM,1.21,43.02,3.72,4.86,,,,,,,,,
ITB_C8,,5,6,LIM,1.31,42.7,6.48,6.72,,,,,,,,,
ITB_C8,,6,7,LIM,1.18,43.18,3.47,5.56,,,,,,,,,
ITB_C8,,7,8,LIM,0.91,42.75,3.25,5.15,,,,,,,,,
ITB_C8,,8,9,LIM,1.06,36.69,0.67,9.24,,,,,,,,,
ITB_C8,,9,10,SAP,1.62,43.61,3.88,4.78,,,,,,,,,
ITB_C8,,10,11,SAP,1.5,42.37,4.1,6.01,,,,,,,,,
ITB_C8,,11,12,SAP,1.28,41.67,3.38,5.22,,,,,,,,,
ITB_C8,,12,13,SAP,1.86,42.47,4.24,5.39,,,,,,,,,
ITB_C8,,13,14,SAP,1.58,41.03,3.65,7.43,,,,,,,,,
ITB_C8,,14,15,SAP,1.21,41.97,3.36,5.49,,,,,,,,,
ITB_C8,,15,16,SAP,1.8,39.88,0.6,12.86,,,,,,,,,
ITB_C8,,16,17,SAP,1.46,35.89,4.32,17.48,,,,,,,,,
ITB_C8,,17,18,SAP,1.06,29.86,4.61,33.77,,,,,,,,,
ITB_C8,,18,19,SAP,0.92,44.1,4.02,5.3,,,,,,,,,
ITB_C8,,19,20,SAP,2.02,17.02,14.05,28.75,,,,,,,,,
ITB_C8,,20,21,SAP,1.66,13.87,14.39,35.2,,,,,,,,,
ITB_C8,,21,21.3,SAP,0.43,6.79,31.62,35.42,,,,,,,,,
ITB_C8,,21.3,21.8,SAP,2.29,20.65,11.11,28.71,,,,,,,,,
ITB_C8,,21.8,22,SAP,1.46,13.64,15.95,27.44,,,,,,,,,
ITB_C8,,22,22.4,SAP,3.48,19.71,11.79,27.72,,,,,,,,,
ITB_C8,,22.4,23,BRK,1.03,8.5,21.64,28.8,,,,,,,,,
ITB_C8,,23,24,BRK,1.32,16.03,15.72,29.5,,,,,,,,,
ITB_C8,,24,25,BRK,1.99,21.37,10.33,23.62,,,,,,,,,
ITB_C8,,25,26,BRK,1.86,24.76,8.63,22.92,,,,,,,,,
ITB_C8,,26,27,BRK,0.24,6.5,26.38,25.46,,,,,,,,,
ITB_C8,,27,28,BRK,0.28,6.44,28.32,27.87,,,,,,,,,
ITB_C8,,28,29,BRK,0.43,6.48,26.13,28.79,,,,,,,,,
ITB_C8,,29,30,BRK,1.68,43.13,3.97,4.9,,,,,,,,,
ITB_C8,,30,31,BRK,0,0,0,0,,,,,,,,,
ITB_D3,37,0,1,LIM,1.21,43.31,1.98,6.46,,,ITB_D3,,,,,,
ITB_D3,,1,2,LIM,1.27,42.34,2.97,6.48,,,,,,,,,
ITB_D3,,2,3,LIM,1.13,39.09,3.73,7.64,,,,,,,,,
ITB_D3,,3,4,LIM,1.06,35.36,6.03,9.4,,,,,,,,,
ITB_D3,,4,5,LIM,1.41,41.38,2.91,8.29,,,,,,,,,
ITB_D3,,5,6,LIM,1.52,42.73,2.98,6.61,,,,,,,,,
ITB_D3,,6,7,LIM,1.42,42.15,2.97,6.63,,,,,,,,,
ITB_D3,,7,8,LIM,1.08,41.53,3.02,6.81,,,,,,,,,
ITB_D3,,8,9,LIM,1.34,42.05,3.09,7.12,,,,,,,,,
ITB_D3,,9,10,SAP,1.52,41,2.95,6.95,,,,,,,,,
ITB_D3,,10,11,SAP,1.7,41.54,3.08,6.9,,,,,,,,,
ITB_D3,,11,12,SAP,1.15,30.72,6.18,11.9,,,,,,,,,
ITB_D3,,12,13,SAP,1.59,38.49,6.13,10.09,,,,,,,,,
ITB_D3,,13,14,SAP,1.37,42.53,3.25,6.6,,,,,,,,,
ITB_D3,,14,15,SAP,1.49,43.29,3.16,6.06,,,,,,,,,
ITB_D3,,15,16,SAP,1.58,38.87,3.13,10.91,,,,,,,,,
ITB_D3,,16,17,SAP,1.44,37.54,10.83,17.23,,,,,,,,,
ITB_D3,,17,18,SAP,1.38,38.91,3.09,9.68,,,,,,,,,
ITB_D3,,18,19,SAP,1.27,40.25,3.08,8.08,,,,,,,,,
ITB_D3,,19,20,SAP,1.56,36.83,4.41,12.37,,,,,,,,,
ITB_D3,,20,21,SAP,1.97,37.97,3.24,13.59,,,,,,,,,
ITB_D3,,21,21.7,BRK,2.18,35.56,3.34,17.79,,,,,,,,,
ITB_D3,,21.7,22,BRK,2.34,35.33,4.58,18.31,,,,,,,,,
ITB_D3,,22,23,BRK,1.97,28.79,8.16,27.68,,,,,,,,,
ITB_D3,,23,24,BRK,0.5,6.8,34.3,44.73,,,,,,,,,
ITB_D3,,24,25,BRK,1.85,25.8,10.61,30.1,,,,,,,,,
ITB_D3,,25,26,BRK,0.46,6.49,36.22,43.58,,,,,,,,,
ITB_D3,,26,27,BRK,0.49,7.09,37.1,40.05,,,,,,,,,
ITB_D3,,27,28,BRK,1.84,29.41,8.52,24.96,,,,,,,,,
ITB_D3,,28,29,BRK,1.15,21.6,14.06,33.27,,,,,,,,,
ITB_D3,,29,30,BRK,0.95,11.01,20.87,39.89,,,,,,,,,
ITB_D3,,30,31,BRK,0.68,15.48,14.24,29.73,,,,,,,,,
ITB_D3,,31,32,BRK,0.87,15.5,15.26,36.16,,,,,,,,,
ITB_D3,,32,33,BRK,1.83,26.48,9.01,30.01,,,,,,,,,
ITB_D3,,33,34,BRK,1.73,19.93,13.16,37.36,,,,,,,,,
ITB_D3,,34,34.6,BRK,0.38,7.08,37.06,36.84,,,,,,,,,
ITB_D3,,34.6,35,BRK,1.07,15.44,18.26,34.9,,,,,,,,,
ITB_D3,,35,36,BRK,0.43,6.42,34.59,44.82,,,,,,,,,
ITB_D3,,36,37,BRK,0.4,6.16,37.22,41.49,,,,,,,,,
ITB_D4,34.4,0,1,LIM,0.75,38.9,3.55,6.69,,,ITB_D4,,,,,,
ITB_D4,,1,2,LIM,0.68,38.58,4.11,7.04,,,,,,,,,
ITB_D4,,2,3,LIM,0.85,37.76,4.72,7.37,,,,,,,,,
ITB_D4,,3,4,LIM,1.16,37.94,4.25,7.49,,,,,,,,,
ITB_D4,,4,5,LIM,0.95,39.01,3.72,7.05,,,,,,,,,
ITB_D4,,5,6,LIM,1.22,37.93,3.62,7.06,,,,,,,,,
ITB_D4,,6,7,LIM,1.39,38.2,3.69,7.35,,,,,,,,,
ITB_D4,,7,8,LIM,1.49,36.1,3.32,7.16,,,,,,,,,
ITB_D4,,8,9,LIM,1.22,36.35,3.61,7.16,,,,,,,,,
ITB_D4,,9,10,LIM,1.16,35.47,4.01,9.24,,,,,,,,,
ITB_D4,,10,11,LIM,1.04,29.38,4.11,15.02,,,,,,,,,
ITB_D4,,11,12,LIM,0.92,35.59,3.79,9.01,,,,,,,,,
ITB_D4,,12,13,LIM,1.24,30.95,3.73,12.74,,,,,,,,,
ITB_D4,,13,14,LIM,1.37,34.41,4.18,9.97,,,,,,,,,
ITB_D4,,14,15,LIM,1.13,23.29,9.93,18.48,,,,,,,,,
ITB_D4,,15,16,SAP,1.61,28.36,5.81,16.31,,,,,,,,,
ITB_D4,,16,16.5,SAP,1.72,30.17,5.14,12.93,,,,,,,,,
ITB_D4,,16.5,17,SAP,0.34,4.04,28.64,25.38,,,,,,,,,
ITB_D4,,17,17.4,SAP,0.29,3.53,29.31,24.9,,,,,,,,,
ITB_D4,,17.4,18,SAP,2.34,28.76,7.85,16.1,,,,,,,,,
ITB_D4,,18,18.7,SAP,2.3,28,9.43,17.84,,,,,,,,,
ITB_D4,,18.7,19,SAP,1.26,4.73,28.67,25.38,,,,,,,,,
ITB_D4,,19,19.6,SAP,0.98,3.06,33.46,26.64,,,,,,,,,
ITB_D4,,19.6,20,SAP,1.64,20.4,11.44,18.49,,,,,,,,,
ITB_D4,,20,20.7,SAP,0.22,2.97,33.82,26.52,,,,,,,,,
ITB_D4,,20.7,21,SAP,1.07,21.04,15.3,17.6,,,,,,,,,
ITB_D4,,21,22,SAP,1.49,31.76,5.26,12.51,,,,,,,,,
ITB_D4,,22,22.6,SAP,0.48,5.96,24.77,23.98,,,,,,,,,
ITB_D4,,22.6,23,SAP,1.08,18.2,10.48,18.32,,,,,,,,,
ITB_D4,,23,24,SAP,1.94,27.8,6.95,15.07,,,,,,,,,
ITB_D4,,24,25,SAP,2.23,23.23,8.57,18.65,,,,,,,,,
ITB_D4,,25,25.65,SAP,2.41,22.18,8.78,18.93,,,,,,,,,
ITB_D4,,25.65,25.9,BRK,0.37,4.89,28.53,24.91,,,,,,,,,
ITB_D4,,25.9,26,BRK,2.19,27.25,8.68,16.3,,,,,,,,,
ITB_D4,,26,26.8,BRK,1.89,20.14,11.01,19.52,,,,,,,,,
ITB_D4,,26.8,27,BRK,0.74,4.94,26.69,27.92,,,,,,,,,
ITB_D4,,27,28,BRK,1.9,20.04,11.69,19.25,,,,,,,,,
ITB_D4,,28,28.35,BRK,0.36,4.47,31.21,26.46,,,,,,,,,
ITB_D4,,28.35,29,BRK,2.17,20.09,12.61,21.24,,,,,,,,,
ITB_D4,,29,30,BRK,0.29,3.64,30.17,25.73,,,,,,,,,
ITB_D4,,30,31,BRK,0.28,3.12,31.97,25.89,,,,,,,,,
ITB_D4,,31,31.2,BRK,0.26,3.44,31.06,24.74,,,,,,,,,
ITB_D4,,31.2,32,BRK,1.47,19.07,12.67,21.01,,,,,,,,,
ITB_D4,,32,33,BRK,1.17,13.96,15.81,22.78,,,,,,,,,
ITB_D4,,33,33.25,BRK,1.61,21.53,11.46,18.06,,,,,,,,,
ITB_D4,,33.25,34,BRK,0.28,2.76,28.51,25.04,,,,,,,,,
ITB_D4,,34,34.4,BRK,0.21,2.82,32.46,25.32,,,,,,,,,
ITB_E7,31,0,1,LIM,0.92,45.07,0.98,1.38,,,ITB_E7,,,,,,
ITB_E7,,1,2,LIM,0.8,43.34,0.74,1.13,,,,,,,,,
ITB_E7,,2,3,LIM,1.05,44.06,0.92,1.29,,,,,,,,,
ITB_E7,,3,4,LIM,1.07,44.16,0.71,1.37,,,,,,,,,
ITB_E7,,4,5,LIM,1.11,43.67,1.37,1.95,,,,,,,,,
ITB_E7,,5,6,LIM,1.4,42.69,0.71,1.39,,,,,,,,,
ITB_E7,,6,7,LIM,0.92,43.11,1.75,2.25,,,,,,,,,
ITB_E7,,7,8,LIM,1.12,45.1,1.4,2.27,,,,,,,,,
ITB_E7,,8,9,LIM,1.4,41.26,0.94,5.14,,,,,,,,,
ITB_E7,,9,10,LIM,1.17,43.55,1.5,4.3,,,,,,,,,
ITB_E7,,10,10.2,LIM,1.06,32.01,4.82,7.57,,,,,,,,,
ITB_E7,,10.2,10.5,LIM,0.22,6.82,24.81,23.77,,,,,,,,,
ITB_E7,,10.5,11,LIM,0.96,24.59,5.23,26.35,,,,,,,,,
ITB_E7,,11,12,LIM,1.3,29.84,4.8,15.32,,,,,,,,,
ITB_E7,,12,13,SAP,1.51,28.63,5.2,16.61,,,,,,,,,
ITB_E7,,13,13.85,SAP,2,28.14,9.09,28.73,,,,,,,,,
ITB_E7,,13.85,14,SAP,2,28.14,9.09,28.73,,,,,,,,,
ITB_E7,,14,14.1,SAP,1.61,32.53,8.84,18.92,,,,,,,,,
ITB_E7,,14.1,15,SAP,1.61,32.53,8.84,18.92,,,,,,,,,
ITB_E7,,15,15.2,SAP,1.49,21.21,17.34,30.74,,,,,,,,,
ITB_E7,,15.2,16,BRK,0.23,6.02,25.86,26.58,,,,,,,,,
ITB_E7,,16,17,BRK,0.22,6.43,24.47,23.7,,,,,,,,,
ITB_E7,,17,17.35,BRK,0.28,6.55,28.06,30.1,,,,,,,,,
ITB_E7,,17.35,17.85,BRK,1.77,27.07,11.65,25.78,,,,,,,,,
ITB_E7,,17.85,18,BRK,0.21,5.92,26.08,24.97,,,,,,,,,
ITB_E7,,18,19,BRK,0.21,5.92,26.08,24.97,,,,,,,,,
ITB_E7,,19,20,BRK,0.5,5.79,35.77,39.26,,,,,,,,,
ITB_E7,,20,20.7,BRK,0.2,5.92,26.14,25.77,,,,,,,,,
ITB_E7,,20.7,21,BRK,1.89,27.49,9.75,26.29,,,,,,,,,
ITB_E7,,21,21.5,BRK,1.47,22.72,23.2,25.44,,,,,,,,,
ITB_E7,,21.5,22,BRK,0.2,5.94,24.89,23.45,,,,,,,,,
ITB_E7,,22,22.15,BRK,1.85,19.99,18.31,32.31,,,,,,,,,
ITB_E7,,22.15,22.55,BRK,1.85,19.99,18.31,32.31,,,,,,,,,
ITB_E7,,22.55,22.65,BRK,1.85,19.99,18.31,32.31,,,,,,,,,
ITB_E7,,22.65,23,BRK,1.85,19.99,18.31,32.31,,,,,,,,,
ITB_E7,,23,24,BRK,0.23,6.19,29.29,29.17,,,,,,,,,
ITB_E7,,24,25,BRK,0.3,6.1,36.44,38.32,,,,,,,,,
ITB_E7,,25,26,BRK,2.18,22.33,13.84,31.5,,,,,,,,,
ITB_E7,,26,27,BRK,1.84,22.23,13.68,31.53,,,,,,,,,
ITB_E7,,27,28,BRK,1.74,18.58,16.45,35.48,,,,,,,,,
ITB_E7,,28,28.15,BRK,0.9,44.2,28.58,45.89,,,,,,,,,
ITB_E7,,28.15,29,BRK,0.9,44.2,28.58,45.89,,,,,,,,,
ITB_E7,,29,30,BRK,0,0,0,0,,,,,,,,,
ITB_E7,,30,31,BRK,0,0,0,0,,,,,,,,,
ITB_F2,31.5,0,1,LIM,1.19,43.5,0.45,7.81,,,ITB_F2,,,,,,
ITB_F2,,1,2,LIM,1.16,44.49,3.28,8.73,,,,,,,,,
ITB_F2,,2,3,LIM,1.25,43.07,2.15,7.96,,,,,,,,,
ITB_F2,,3,4,LIM,0.61,32.85,7.46,12.94,,,,,,,,,
ITB_F2,,4,5,LIM,1.51,41.05,0.79,10.61,,,,,,,,,
ITB_F2,,5,6,LIM,1.55,42.68,1.05,9.37,,,,,,,,,
ITB_F2,,6,7,LIM,1.09,33.06,3.48,25.77,,,,,,,,,
ITB_F2,,7,8,LIM,0.84,28.13,13.91,25.68,,,,,,,,,
ITB_F2,,8,9,LIM,0.81,36.45,4.67,14.27,,,,,,,,,
ITB_F2,,9,10,LIM,0.68,23.22,17.81,27.35,,,,,,,,,
ITB_F2,,10,11,LIM,1.9,36.26,5.83,18.31,,,,,,,,,
ITB_F2,,11,12,LIM,1.43,36.34,3.75,15.61,,,,,,,,,
ITB_F2,,12,13,LIM,0.97,3.88,46.09,35.64,,,,,,,,,
ITB_F2,,13,14,LIM,0.19,4.38,45.54,34.13,,,,,,,,,
ITB_F2,,14,14.4,LIM,1.29,4.44,44.5,36.2,,,,,,,,,
ITB_F2,,14.4,15,SAP,2.26,35.84,1.98,16.61,,,,,,,,,
ITB_F2,,15,15.35,SAP,1.51,24.56,8.23,22.2,,,,,,,,,
ITB_F2,,15.35,16,SAP,0.29,5.66,40.82,33.94,,,,,,,,,
ITB_F2,,16,17,SAP,0.18,3.67,45.74,37.02,,,,,,,,,
ITB_F2,,17,18,SAP,0.19,4.07,46.81,36.18,,,,,,,,,
ITB_F2,,18,19,SAP,0.23,4.05,48.35,38,,,,,,,,,
ITB_F2,,19,19.6,SAP,2.05,32.82,2.57,18.73,,,,,,,,,
ITB_F2,,19.6,20,SAP,0.32,5.46,36.66,34.1,,,,,,,,,
ITB_F2,,20,21,SAP,0.22,4.14,43.05,36.32,,,,,,,,,
ITB_F2,,21,22,SAP,1.63,17.21,19.43,29.96,,,,,,,,,
ITB_F2,,22,23,SAP,2.16,25.14,11.61,27.6,,,,,,,,,
ITB_F2,,23,24,SAP,1.62,19.98,12.67,29.36,,,,,,,,,
ITB_F2,,24,25,SAP,2.17,28.89,5.71,22.4,,,,,,,,,
ITB_F2,,25,26,SAP,2.28,34.34,4.21,19.9,,,,,,,,,
ITB_F2,,26,27,SAP,1.52,22.36,13.31,27.96,,,,,,,,,
ITB_F2,,27,27.4,BRK,0.84,7.44,33.21,34.89,,,,,,,,,
ITB_F2,,27.4,28,BRK,1.3,15.92,20.08,31.94,,,,,,,,,
ITB_F2,,28,28.3,BRK,1.78,21.16,11.37,29.41,,,,,,,,,
ITB_F2,,28.3,29,BRK,0.2,4.02,45.85,37.43,,,,,,,,,
ITB_F2,,29,30,BRK,0.2,4.36,48.94,36.34,,,,,,,,,
ITB_F2,,30,31,BRK,0.22,4.27,46.03,37.54,,,,,,,,,
ITB_F2,,31,31.5,BRK,0.58,5.42,42.75,39.69,,,,,,,,,
ITB_F2D,31.5,0,1,LIM,1.19,43.5,0.45,7.81,,,ITB_F2D,,,,,,
ITB_F2D,,1,2,LIM,1.16,44.49,3.28,8.73,,,,,,,,,
ITB_F2D,,2,3,LIM,1.25,43.07,2.15,7.96,,,,,,,,,
ITB_F2D,,3,4,LIM,0.61,32.85,7.46,12.94,,,,,,,,,
ITB_F2D,,4,5,LIM,1.51,41.05,0.79,10.61,,,,,,,,,
ITB_F2D,,5,6,LIM,1.55,42.68,1.05,9.37,,,,,,,,,
ITB_F2D,,6,7,LIM,1.09,33.06,3.48,25.77,,,,,,,,,
ITB_F2D,,7,8,LIM,0.84,28.13,13.91,25.68,,,,,,,,,
ITB_F2D,,8,9,LIM,0.81,36.45,4.67,14.27,,,,,,,,,
ITB_F2D,,9,10,LIM,0.68,23.22,17.81,27.35,,,,,,,,,
ITB_F2D,,10,11,LIM,1.9,36.26,5.83,18.31,,,,,,,,,
ITB_F2D,,11,12,LIM,1.43,36.34,3.75,15.61,,,,,,,,,
ITB_F2D,,12,13,LIM,0.17,3.88,46.09,35.64,,,,,,,,,
ITB_F2D,,13,14,LIM,0.19,4.38,45.54,34.13,,,,,,,,,
ITB_F2D,,14,14.4,LIM,0.29,4.44,44.5,36.2,,,,,,,,,
ITB_F2D,,14.4,15,LIM,2.26,35.84,1.98,16.61,,,,,,,,,
ITB_F2D,,15,15.35,LIM,1.51,24.56,8.23,22.2,,,,,,,,,
ITB_F2D,,15.35,16,LIM,0.29,5.66,40.82,33.94,,,,,,,,,
ITB_F2D,,16,17,LIM,0.18,3.67,45.74,37.02,,,,,,,,,
ITB_F2D,,17,18,LIM,0.19,4.07,46.81,36.18,,,,,,,,,
ITB_F2D,,18,19,LIM,0.23,4.05,48.35,38,,,,,,,,,
ITB_F2D,,19,19.6,LIM,2.05,32.82,2.57,18.73,,,,,,,,,
ITB_F2D,,19.6,20,LIM,0.32,5.46,36.66,34.1,,,,,,,,,
ITB_F2D,,20,21,LIM,0.22,4.14,43.05,36.32,,,,,,,,,
ITB_F2D,,21,22,SAP,1.63,17.21,19.43,29.96,,,,,,,,,
ITB_F2D,,22,23,SAP,2.16,25.14,11.61,27.6,,,,,,,,,
ITB_F2D,,23,24,SAP,1.62,19.98,12.67,29.36,,,,,,,,,
ITB_F2D,,24,25,SAP,2.17,28.89,5.71,22.4,,,,,,,,,
ITB_F2D,,25,26,SAP,2.28,34.34,4.21,19.9,,,,,,,,,
ITB_F2D,,26,27,SAP,1.52,22.36,13.31,27.96,,,,,,,,,
ITB_F2D,,27,27.4,BRK,0.84,7.44,33.21,34.89,,,,,,,,,
ITB_F2D,,27.4,28,BRK,1.3,15.92,20.08,31.94,,,,,,,,,
ITB_F2D,,28,28.3,BRK,1.78,21.16,11.37,29.41,,,,,,,,,
ITB_F2D,,28.3,29,BRK,0.2,4.02,45.85,37.43,,,,,,,,,
ITB_F2D,,29,30,BRK,0.2,4.36,48.94,36.34,,,,,,,,,
ITB_F2D,,30,31,BRK,0.22,4.27,46.03,37.54,,,,,,,,,
ITB_F2D,,31,31.5,BRK,0.58,5.42,42.75,39.69,,,,,,,,,
ITB_F3,37,0,1,LIM,0.9,43.66,0.61,1.32,,,ITB_F3,,,,,,
ITB_F3,,1,2,LIM,0.92,44.51,0.59,1.17,,,,,,,,,
ITB_F3,,2,3,LIM,0.82,42.83,0.4,0.75,,,,,,,,,
ITB_F3,,3,4,LIM,1.16,44.58,0.51,0.99,,,,,,,,,
ITB_F3,,4,5,LIM,1.12,42.82,0.45,1.1,,,,,,,,,
ITB_F3,,5,6,LIM,1.34,41.64,0.46,1.01,,,,,,,,,
ITB_F3,,6,7,LIM,1.16,43.39,1.2,2.19,,,,,,,,,
ITB_F3,,7,8,LIM,1.58,38.5,1.02,6.12,,,,,,,,,
ITB_F3,,8,9,LIM,1.26,42.85,0.43,2.49,,,,,,,,,
ITB_F3,,9,10,LIM,0.64,36.72,0.94,4.69,,,,,,,,,
ITB_F3,,10,10.15,LIM,1.2,26.53,3.61,8.63,,,,,,,,,
ITB_F3,,10.15,11,LIM,1.2,26.53,3.61,8.63,,,,,,,,,
ITB_F3,,11,12,SAP,1.89,36.47,0.97,7.06,,,,,,,,,
ITB_F3,,12,13,SAP,1.6,29.23,2.11,11.09,,,,,,,,,
ITB_F3,,13,14,SAP,1.44,27.42,3.95,12.89,,,,,,,,,
ITB_F3,,14,15,SAP,1.8,26.9,3.03,12.13,,,,,,,,,
ITB_F3,,15,16,SAP,2.01,33.58,1.49,10.32,,,,,,,,,
ITB_F3,,16,16.55,SAP,2.12,35.96,0.95,9.32,,,,,,,,,
ITB_F3,,16.55,17,SAP,1.77,6.51,20.12,20.94,,,,,,,,,
ITB_F3,,17,18,SAP,2.23,6.47,21.3,21.91,,,,,,,,,
ITB_F3,,18,18.15,SAP,0.79,15.21,8.91,14.12,,,,,,,,,
ITB_F3,,18.15,18.8,SAP,0.69,15.21,8.91,14.12,,,,,,,,,
ITB_F3,,18.8,19,BRK,0.23,6.39,20.33,20.82,,,,,,,,,
ITB_F3,,19,20,BRK,0.22,6.34,21.3,21.46,,,,,,,,,
ITB_F3,,20,21,BRK,0.22,6.2,19.86,20.11,,,,,,,,,
ITB_F3,,21,21.4,BRK,0.33,6.44,19.83,21.17,,,,,,,,,
ITB_F3,,21.4,22,BRK,0.27,22.9,4.42,15.28,,,,,,,,,
ITB_F3,,22,23,BRK,0.69,29.64,2.45,12.26,,,,,,,,,
ITB_F3,,23,24,BRK,2.82,32.57,1.31,11.73,,,,,,,,,
ITB_F3,,24,24.9,BRK,2.57,28.79,2.94,13.65,,,,,,,,,
ITB_F3,,24.9,25,BRK,2.57,28.79,2.94,13.65,,,,,,,,,
ITB_F3,,25,25.45,BRK,0.25,6.62,21.89,22.59,,,,,,,,,
ITB_F3,,25.45,26,BRK,2.37,32.28,1.45,10.91,,,,,,,,,
ITB_F3,,26,27,BRK,2.26,20.75,6.35,16.47,,,,,,,,,
ITB_F3,,27,27.45,BRK,1.86,21.36,6.78,16.25,,,,,,,,,
ITB_F3,,27.45,28,BRK,0.28,6.68,21.4,22.01,,,,,,,,,
ITB_F3,,28,29,BRK,0.25,6.5,19.6,19.78,,,,,,,,,
ITB_F3,,29,29.4,BRK,0.24,6.68,21.56,22.56,,,,,,,,,
ITB_F3,,29.4,30,BRK,2.4,17.02,8.54,20.63,,,,,,,,,
ITB_F3,,30,31,BRK,1.88,25.37,3.64,14.39,,,,,,,,,
ITB_F3,,31,32,BRK,2.4,23.11,4.9,17.03,,,,,,,,,
ITB_F3,,32,32.25,BRK,0.38,7.27,16.76,20.04,,,,,,,,,
ITB_F3,,32.25,33,BRK,0.38,7.27,16.76,20.04,,,,,,,,,
ITB_F3,,33,33.35,BRK,0.38,7.4,20.49,23.64,,,,,,,,,
ITB_F3,,33.35,34,BRK,2.1,21.14,5.4,16.23,,,,,,,,,
ITB_F3,,34,35,BRK,0.22,6.31,21.65,22.55,,,,,,,,,
ITB_F3,,35,36,BRK,0.24,6.47,21.35,23.07,,,,,,,,,
ITB_F3,,36,37,BRK,0.26,6.7,18.32,21.9,,,,,,,,,
ITB_F3D,37,0,1,LIM,0.9,43.66,0.61,1.32,,,ITB_F3D,,,,,,
ITB_F3D,,1,2,LIM,0.92,44.51,0.59,1.17,,,,,,,,,
ITB_F3D,,2,3,LIM,0.82,42.83,0.4,0.75,,,,,,,,,
ITB_F3D,,3,4,LIM,1.16,44.58,0.51,0.99,,,,,,,,,
ITB_F3D,,4,5,LIM,1.12,42.82,0.45,1.1,,,,,,,,,
ITB_F3D,,5,6,LIM,1.34,41.64,0.46,1.01,,,,,,,,,
ITB_F3D,,6,7,LIM,1.16,43.39,1.2,2.19,,,,,,,,,
ITB_F3D,,7,8,LIM,1.58,38.5,1.02,6.12,,,,,,,,,
ITB_F3D,,8,9,LIM,1.26,42.85,0.43,2.49,,,,,,,,,
ITB_F3D,,9,10,LIM,0.64,36.72,0.94,4.69,,,,,,,,,
ITB_F3D,,10,10.15,LIM,1.2,26.53,3.61,8.63,,,,,,,,,
ITB_F3D,,10.15,11,LIM,1.2,26.53,3.61,8.63,,,,,,,,,
ITB_F3D,,11,12,SAP,1.89,36.47,0.97,7.06,,,,,,,,,
ITB_F3D,,12,13,SAP,1.6,29.23,2.11,11.09,,,,,,,,,
ITB_F3D,,13,14,SAP,1.44,27.42,3.95,12.89,,,,,,,,,
ITB_F3D,,14,15,SAP,1.8,26.9,3.03,12.13,,,,,,,,,
ITB_F3D,,15,16,SAP,2.01,33.58,1.49,10.32,,,,,,,,,
ITB_F3D,,16,16.55,SAP,2.12,35.96,0.95,9.32,,,,,,,,,
ITB_F3D,,16.55,17,BRK,0.26,6.51,20.12,20.94,,,,,,,,,
ITB_F3D,,17,18,BRK,0.26,6.47,21.3,21.91,,,,,,,,,
ITB_F3D,,18,18.15,BRK,0.69,15.21,8.91,14.12,,,,,,,,,
ITB_F3D,,18.15,18.8,BRK,0.69,15.21,8.91,14.12,,,,,,,,,
ITB_F3D,,18.8,19,BRK,0.23,6.39,20.33,20.82,,,,,,,,,
ITB_F3D,,19,20,BRK,0.22,6.34,21.3,21.46,,,,,,,,,
ITB_F3D,,20,21,BRK,0.22,6.2,19.86,20.11,,,,,,,,,
ITB_F3D,,21,21.4,BRK,0.33,6.44,19.83,21.17,,,,,,,,,
ITB_F3D,,21.4,22,BRK,1.77,22.9,4.42,15.28,,,,,,,,,
ITB_F3D,,22,23,BRK,2.23,29.64,2.45,12.26,,,,,,,,,
ITB_F3D,,23,24,BRK,2.82,32.57,1.31,11.73,,,,,,,,,
ITB_F3D,,24,24.9,BRK,2.57,28.79,2.94,13.65,,,,,,,,,
ITB_F3D,,24.9,25,BRK,2.57,28.79,2.94,13.65,,,,,,,,,
ITB_F3D,,25,25.45,BRK,0.25,6.62,21.89,22.59,,,,,,,,,
ITB_F3D,,25.45,26,BRK,2.37,32.28,1.45,10.91,,,,,,,,,
ITB_F3D,,26,27,BRK,2.26,20.75,6.35,16.47,,,,,,,,,
ITB_F3D,,27,27.45,BRK,1.86,21.36,6.78,16.25,,,,,,,,,
ITB_F3D,,27.45,28,BRK,0.28,6.68,21.4,22.01,,,,,,,,,
ITB_F3D,,28,29,BRK,0.25,6.5,19.6,19.78,,,,,,,,,
ITB_F3D,,29,29.4,BRK,0.24,6.68,21.56,22.56,,,,,,,,,
ITB_F3D,,29.4,30,BRK,2.4,17.02,8.54,20.63,,,,,,,,,
ITB_F3D,,30,31,BRK,1.88,25.37,3.64,14.39,,,,,,,,,
ITB_F3D,,31,32,BRK,2.4,23.11,4.9,17.03,,,,,,,,,
ITB_F3D,,32,32.25,BRK,0.38,7.27,16.76,20.04,,,,,,,,,
ITB_F3D,,32.25,33,BRK,0.38,7.27,16.76,20.04,,,,,,,,,
ITB_F3D,,33,33.35,BRK,0.38,7.4,20.49,23.64,,,,,,,,,
ITB_F3D,,33.35,34,BRK,2.1,21.14,5.4,16.23,,,,,,,,,
ITB_F3D,,34,35,BRK,0.22,6.31,21.65,22.55,,,,,,,,,
ITB_F3D,,35,36,BRK,0.24,6.47,21.35,23.07,,,,,,,,,
ITB_F3D,,36,37,BRK,0.26,6.7,18.32,21.9,,,,,,,,,
ITB_F10,35,0,1,LIM,1.06,38.48,5.78,11.13,,,ITB_F10,,,,,,
ITB_F10,,1,2,LIM,1.36,15.66,19.27,39.09,,,,,,,,,
ITB_F10,,2,3,LIM,1.39,43.92,3.16,5.76,,,,,,,,,
ITB_F10,,3,4,LIM,1.5,43.24,3.21,5.8,,,,,,,,,
ITB_F10,,4,5,LIM,1.32,41.43,3.59,8.69,,,,,,,,,
ITB_F10,,5,6,LIM,1.47,39.87,3.55,9.52,,,,,,,,,
ITB_F10,,6,7,LIM,1.25,43.85,3.15,5.71,,,,,,,,,
ITB_F10,,7,8,LIM,1.58,39.41,2.81,10.4,,,,,,,,,
ITB_F10,,8,9,LIM,1.35,27.71,8.07,27.59,,,,,,,,,
ITB_F10,,9,10,LIM,1.48,31.31,8.39,19.1,,,,,,,,,
ITB_F10,,10,11,LIM,1.28,29.98,7.29,25.54,,,,,,,,,
ITB_F10,,11,12,SAP,1.01,28.54,8.85,26.56,,,,,,,,,
ITB_F10,,12,13,SAP,0.78,14.63,10.06,54.68,,,,,,,,,
ITB_F10,,13,14,SAP,0.93,11.78,15.37,50.9,,,,,,,,,
ITB_F10,,14,15,SAP,0.63,7.3,32.18,43.43,,,,,,,,,
ITB_F10,,15,16,SAP,1.29,10.57,25.65,44.65,,,,,,,,,
ITB_F10,,16,17,SAP,1.46,18.81,15.52,39.45,,,,,,,,,
ITB_F10,,17,18,SAP,1.44,7.18,35.43,38.83,,,,,,,,,
ITB_F10,,18,19,SAP,0.38,6.14,34.49,38.29,,,,,,,,,
ITB_F10,,19,20,SAP,2.03,29.77,8.33,26.73,,,,,,,,,
ITB_F10,,20,21,SAP,1.78,24.91,12.2,29.74,,,,,,,,,
ITB_F10,,21,22,SAP,1.57,26.4,9.79,30.48,,,,,,,,,
ITB_F10,,22,23,SAP,1.23,26.37,10.72,27.46,,,,,,,,,
ITB_F10,,23,24,SAP,1.67,22.47,14.05,31.99,,,,,,,,,
ITB_F10,,24,24.5,SAP,1.74,18.42,17.43,35.14,,,,,,,,,
ITB_F10,,24.5,25,BRK,0.55,7.33,34.15,42.66,,,,,,,,,
ITB_F10,,25,26,BRK,2.08,29.1,9.8,24.45,,,,,,,,,
ITB_F10,,26,27,BRK,0.46,6.39,35.65,43.46,,,,,,,,,
ITB_F10,,27,28,BRK,0.43,7.52,34.32,40.47,,,,,,,,,
ITB_F10,,28,29,BRK,1.61,42.08,2.38,8.25,,,,,,,,,
ITB_F10,,29,29.5,BRK,1.3,19.68,15.75,37.69,,,,,,,,,
ITB_F10,,29.5,30,BRK,0.45,6.92,36.11,41.36,,,,,,,,,
ITB_F10,,30,31,BRK,0.64,8.39,33.22,40.32,,,,,,,,,
ITB_F10,,31,32,BRK,0.4,6.91,36,40.82,,,,,,,,,
ITB_F10,,32,33,BRK,0.79,9.99,29.11,42.06,,,,,,,,,
ITB_F10,,33,34,BRK,0.73,8.7,30.87,42.91,,,,,,,,,
ITB_F10,,34,35,BRK,0.43,7.11,35.94,42.23,,,,,,,,,
ITB_F10D,35,0,1,LIM,1.06,38.48,5.78,11.13,,,ITB_F10D,,,,,,
ITB_F10D,,1,2,LIM,1.36,15.66,19.27,39.09,,,,,,,,,
ITB_F10D,,2,3,LIM,1.39,43.92,3.16,5.76,,,,,,,,,
ITB_F10D,,3,4,LIM,1.43,43.24,3.21,5.8,,,,,,,,,
ITB_F10D,,4,5,LIM,1.32,41.43,3.59,8.69,,,,,,,,,
ITB_F10D,,5,6,LIM,1.27,39.87,3.55,9.52,,,,,,,,,
ITB_F10D,,6,7,LIM,1.25,43.85,3.15,5.71,,,,,,,,,
ITB_F10D,,7,8,LIM,1.18,39.41,2.81,10.4,,,,,,,,,
ITB_F10D,,8,9,LIM,0.95,27.71,8.07,27.59,,,,,,,,,
ITB_F10D,,9,10,LIM,1.18,31.31,8.39,19.1,,,,,,,,,
ITB_F10D,,10,11,LIM,1.38,29.98,7.29,25.54,,,,,,,,,
ITB_F10D,,11,12,LIM,1.41,28.54,8.85,26.56,,,,,,,,,
ITB_F10D,,12,13,LIM,1.28,14.63,10.06,54.68,,,,,,,,,
ITB_F10D,,13,14,LIM,0.83,11.78,15.37,50.9,,,,,,,,,
ITB_F10D,,14,15,SAP,0.63,7.3,32.18,43.43,,,,,,,,,
ITB_F10D,,15,16,SAP,1.29,10.57,25.65,44.65,,,,,,,,,
ITB_F10D,,16,17,SAP,1.46,18.81,15.52,39.45,,,,,,,,,
ITB_F10D,,17,18,SAP,1.24,7.18,35.43,38.83,,,,,,,,,
ITB_F10D,,18,19,SAP,1.28,6.14,34.49,38.29,,,,,,,,,
ITB_F10D,,19,20,SAP,2.03,29.77,8.33,26.73,,,,,,,,,
ITB_F10D,,20,21,SAP,1.78,24.91,12.2,29.74,,,,,,,,,
ITB_F10D,,21,22,SAP,1.87,26.4,9.79,30.48,,,,,,,,,
ITB_F10D,,22,23,SAP,1.73,26.37,10.72,27.46,,,,,,,,,
ITB_F10D,,23,24,SAP,1.87,22.47,14.05,31.99,,,,,,,,,
ITB_F10D,,24,24.5,SAP,1.74,18.42,17.43,35.14,,,,,,,,,
ITB_F10D,,24.5,25,SAP,1.25,7.33,34.15,42.66,,,,,,,,,
ITB_F10D,,25,26,SAP,2.08,29.1,9.8,24.45,,,,,,,,,
ITB_F10D,,26,27,BRK,0.46,6.39,35.65,43.46,,,,,,,,,
ITB_F10D,,27,28,BRK,0.43,7.52,34.32,40.47,,,,,,,,,
ITB_F10D,,28,29,BRK,1.61,42.08,2.38,8.25,,,,,,,,,
ITB_F10D,,29,29.5,BRK,1.3,19.68,15.75,37.69,,,,,,,,,
ITB_F10D,,29.5,30,BRK,0.45,6.92,36.11,41.36,,,,,,,,,
ITB_F10D,,30,31,BRK,0.64,8.39,33.22,40.32,,,,,,,,,
ITB_F10D,,31,32,BRK,0.4,6.91,36,40.82,,,,,,,,,
ITB_F10D,,32,33,BRK,0.79,9.99,29.11,42.06,,,,,,,,,
ITB_F10D,,33,34,BRK,0.73,8.7,30.87,42.91,,,,,,,,,
ITB_F10D,,34,35,BRK,0.43,7.11,35.94,42.23,,,,,,,,,
ITB_G7,44.5,0,1,LIM,0.68,37.47,5.44,16.66,,,ITB_G7,,,,,,
ITB_G7,,1,2,LIM,0.99,37.12,5.17,16.53,,,,,,,,,
ITB_G7,,2,3,LIM,0.99,37.46,5.07,16.43,,,,,,,,,
ITB_G7,,3,4,LIM,0.47,10.86,30.01,33.46,,,,,,,,,
ITB_G7,,4,5,LIM,0.8,33.91,6.14,16.57,,,,,,,,,
ITB_G7,,5,6,LIM,2.52,28.01,5.08,15.04,,,,,,,,,
ITB_G7,,6,7,LIM,0.71,12.9,24.99,33.68,,,,,,,,,
ITB_G7,,7,8,LIM,0.89,14.74,22.03,31.85,,,,,,,,,
ITB_G7,,8,9,LIM,1.03,16.17,18.63,30.32,,,,,,,,,
ITB_G7,,9,10,LIM,1.23,18,15.94,28.55,,,,,,,,,
ITB_G7,,10,11,LIM,0.26,6.2,39.82,43.62,,,,,,,,,
ITB_G7,,11,11.5,LIM,0.82,18.43,10.44,41.07,,,,,,,,,
ITB_G7,,11.5,12,LIM,0.28,7.28,34.75,40.45,,,,,,,,,
ITB_G7,,12,13,LIM,1.35,22.95,9.36,34.77,,,,,,,,,
ITB_G7,,13,14,LIM,1.19,29.29,9.45,28.06,,,,,,,,,
ITB_G7,,14,15,LIM,1.73,26.26,9.74,32.94,,,,,,,,,
ITB_G7,,15,16,LIM,0.28,6.04,43.12,41.59,,,,,,,,,
ITB_G7,,16,16.5,LIM,0.3,7.07,22.03,31.85,,,,,,,,,
ITB_G7,,16.5,17,SAP,2.23,18.27,16.58,28.3,,,,,,,,,
ITB_G7,,17,18,SAP,1.19,18.25,16.6,28.25,,,,,,,,,
ITB_G7,,18,19,SAP,1.04,17.02,6.93,54.95,,,,,,,,,
ITB_G7,,19,20,SAP,0.82,17.24,15.28,39.29,,,,,,,,,
ITB_G7,,20,21,SAP,1.12,13.34,24.59,37.78,,,,,,,,,
ITB_G7,,21,22,SAP,0.89,5.73,40.45,42.38,,,,,,,,,
ITB_G7,,22,23,SAP,0.93,6.41,40.16,42.8,,,,,,,,,
ITB_G7,,23,24,BRK,2.09,28.94,9.32,25.81,,,,,,,,,
ITB_G7,,24,25,BRK,1.81,21.87,13.38,38.3,,,,,,,,,
ITB_G7,,25,26,BRK,1.28,19.14,14.26,27.41,,,,,,,,,
ITB_G7,,26,27,BRK,0.42,7.14,38.38,41.19,,,,,,,,,
ITB_G7,,27,28,BRK,0.39,7.5,38.46,41.34,,,,,,,,,
ITB_G7,,28,28.6,BRK,0.54,34.79,5.31,16.8,,,,,,,,,
ITB_G7,,28.6,29,BRK,0.29,6.18,39.44,40.6,,,,,,,,,
ITB_G7,,29,30,BRK,0.33,5.85,38.51,43.24,,,,,,,,,
ITB_G7,,30,31,BRK,0.38,6.83,39.09,41.94,,,,,,,,,
ITB_G7,,31,32,BRK,1.35,19.6,15.5,26.86,,,,,,,,,
ITB_G7,,32,32.5,BRK,1.35,19.64,15.53,26.82,,,,,,,,,
ITB_G7,,32.5,33,BRK,0.79,8.63,33.93,44.29,,,,,,,,,
ITB_G7,,33,33.5,BRK,1.66,15.66,17.62,42.8,,,,,,,,,
ITB_G7,,33.5,34,BRK,0.61,7.22,37.78,43.05,,,,,,,,,
ITB_G7,,34,35,BRK,0.25,5.92,39.85,43.49,,,,,,,,,
ITB_G7,,35,35.5,BRK,0.28,7.53,31.95,44.23,,,,,,,,,
ITB_G7,,35.5,36,BRK,1.03,9.69,29.37,44.2,,,,,,,,,
ITB_G7,,36,37,BRK,1.68,20.87,11.26,25.72,,,,,,,,,
ITB_G7,,37,37.3,BRK,1.58,22.5,12.64,33.96,,,,,,,,,
ITB_G7,,37.3,38,BRK,0.25,5.86,38.76,36.61,,,,,,,,,
ITB_G7,,38,39,BRK,1.37,12.88,25.01,40.84,,,,,,,,,
ITB_G7,,39,40,BRK,0.43,6.49,35.37,38.26,,,,,,,,,
ITB_G7,,40,41,BRK,0.9,10.54,34.37,40.92,,,,,,,,,
ITB_G7,,41,41.5,BRK,1.22,15.37,23.22,35.57,,,,,,,,,
ITB_G7,,41.5,42,BRK,0.26,6.28,41.58,40.52,,,,,,,,,
ITB_G7,,42,43,BRK,0.28,6.44,41.97,41.25,,,,,,,,,
ITB_G7,,43,44,BRK,0,0,0,0,,,,,,,,,
ITB_G7,,44,44.5,BRK,0,0,0,0,,,,,,,,,
ITB_G8,20.5,0,1,LIM,0.78,44.67,0.93,1.89,,,ITB_G8,,,,,,
ITB_G8,,1,2,LIM,0.91,45.71,0.88,2.42,,,,,,,,,
ITB_G8,,2,3,LIM,1.1,41.92,0.78,2.78,,,,,,,,,
ITB_G8,,3,4,LIM,1.21,41.81,1,3.61,,,,,,,,,
ITB_G8,,4,5,LIM,1.18,40.39,1.59,5.75,,,,,,,,,
ITB_G8,,5,6,SAP,1.41,37.16,1.25,9.33,,,,,,,,,
ITB_G8,,6,7,SAP,1.76,33.32,2.37,11.83,,,,,,,,,
ITB_G8,,7,8,SAP,1.81,29.28,3.12,13.58,,,,,,,,,
ITB_G8,,8,9,SAP,1.62,26.29,2.6,13.04,,,,,,,,,
ITB_G8,,9,10,SAP,1.87,22.78,4.69,17.26,,,,,,,,,
ITB_G8,,10,11,SAP,1.77,20.93,3.04,13.8,,,,,,,,,
ITB_G8,,11,12,SAP,1.61,19.34,6.59,19.64,,,,,,,,,
ITB_G8,,12,12.75,BRK,0.4,7.49,17.06,23.08,,,,,,,,,
ITB_G8,,12.75,13,BRK,1.34,11.64,13.97,24.96,,,,,,,,,
ITB_G8,,13,14,BRK,1.53,16.8,8.72,21.66,,,,,,,,,
ITB_G8,,14,14.7,BRK,1.2,11.5,14.24,28.15,,,,,,,,,
ITB_G8,,14.7,15,BRK,0.43,6.92,17,23.27,,,,,,,,,
ITB_G8,,15,16,BRK,0.35,6.45,17.88,23.91,,,,,,,,,
ITB_G8,,16,16.75,BRK,0.41,7.74,14.91,20.58,,,,,,,,,
ITB_G8,,16.75,17,BRK,1.33,17.79,7.01,21.61,,,,,,,,,
ITB_G8,,17,18,BRK,0.3,6.48,18.57,24.95,,,,,,,,,
ITB_G8,,18,19,BRK,0.29,6.9,17.3,26.83,,,,,,,,,
ITB_G8,,19,20,BRK,0.33,7.19,17.95,27.28,,,,,,,,,
ITB_G8,,20,20.5,BRK,0,0,0,0,,,,,,,,,
ITB_G15,16,0,1,LIM,0.89,41.34,2.81,14.07,,,ITB_G15,,,,,,
ITB_G15,,1,2,LIM,0.91,42.2,1.92,13.06,,,,,,,,,
ITB_G15,,2,3,LIM,1.28,43.87,2.78,12.77,,,,,,,,,
ITB_G15,,3,4,LIM,1.24,42.22,2.79,13.28,,,,,,,,,
ITB_G15,,4,5,LIM,1.25,41.49,1.91,13.21,,,,,,,,,
ITB_G15,,5,6,LIM,1.47,42.16,2.02,13.94,,,,,,,,,
ITB_G15,,6,7,LIM,1.52,42.45,3.79,16.47,,,,,,,,,
ITB_G15,,7,8,SAP,1.35,41.35,2.97,15.96,,,,,,,,,
ITB_G15,,8,9,SAP,1.34,39.86,3.24,17.57,,,,,,,,,
ITB_G15,,9,10,SAP,1.35,30.95,3.3,19.9,,,,,,,,,
ITB_G15,,10,11,SAP,1.73,30.03,3.49,27.33,,,,,,,,,
ITB_G15,,11,12,SAP,1.85,32.54,4.64,23.79,,,,,,,,,
ITB_G15,,12,12.4,SAP,1.67,22.13,3.88,26.65,,,,,,,,,
ITB_G15,,12.4,13,BRK,0.37,4.63,11.85,29.42,,,,,,,,,
ITB_G15,,13,14,BRK,0,0,0,0,,,,,,,,,
ITB_G15,,14,15,BRK,0,0,0,0,,,,,,,,,
ITB_G15,,15,16,BRK,0,0,0,0,,,,,,,,,
ITB_G16,30,0,1,LIM,0.6,42.46,3.15,13.41,,,ITB_G16,,,,,,
ITB_G16,,1,2,LIM,0.7,42.54,3.12,13.54,,,,,,,,,
ITB_G16,,2,3,LIM,0.7,41.1,3.27,13.69,,,,,,,,,
ITB_G16,,3,4,LIM,0.91,41.35,3.77,15.71,,,,,,,,,
ITB_G16,,4,5,LIM,1.04,39.27,4.82,20.3,,,,,,,,,
ITB_G16,,5,6,LIM,0.83,31.11,3.27,29.69,,,,,,,,,
ITB_G16,,6,7,LIM,1,42.49,4.56,16.73,,,,,,,,,
ITB_G16,,7,8,LIM,1.24,32.46,5.17,23.4,,,,,,,,,
ITB_G16,,8,9,LIM,1.28,28.7,6.77,25.59,,,,,,,,,
ITB_G16,,9,10,SAP,1.6,29.91,5.32,26.65,,,,,,,,,
ITB_G16,,10,11,SAP,1.56,33.33,4.02,25.99,,,,,,,,,
ITB_G16,,11,12,SAP,1.25,33.07,5.7,24.66,,,,,,,,,
ITB_G16,,12,13,SAP,1.54,29.25,4.16,30.6,,,,,,,,,
ITB_G16,,13,14,BRK,0.43,9.2,25.73,35.04,,,,,,,,,
ITB_G16,,14,15,BRK,0.23,5.57,33.13,36.44,,,,,,,,,
ITB_G16,,15,16,BRK,0.52,10.22,21.7,34.37,,,,,,,,,
ITB_G16,,16,17,BRK,0.39,36.7,11.8,13.51,,,,,,,,,
ITB_G16,,17,17.25,BRK,0.21,5.96,33.07,36.56,,,,,,,,,
ITB_G16,,17.25,18,BRK,0.78,10.52,17.87,41.13,,,,,,,,,
ITB_G16,,18,18.4,BRK,0.91,15.98,11.69,36.3,,,,,,,,,
ITB_G16,,18.4,19,BRK,0.26,6.26,11.41,27.64,,,,,,,,,
ITB_G16,,19,20,BRK,0.22,5.66,32.72,37.36,,,,,,,,,
ITB_G16,,20,21,BRK,0.18,5.43,33.72,36.35,,,,,,,,,
ITB_G16,,21,22,BRK,0.35,7.16,32,36.32,,,,,,,,,
ITB_G16,,22,23,BRK,0.83,10.39,21.39,38.25,,,,,,,,,
ITB_G16,,23,24,BRK,0.39,5.76,30.41,40.48,,,,,,,,,
ITB_G16,,24,25,BRK,0.28,7.18,30.63,36.77,,,,,,,,,
ITB_G16,,25,26,BRK,1.02,15.57,13.36,38.14,,,,,,,,,
ITB_G16,,26,27,BRK,0.56,41.13,3.08,12.9,,,,,,,,,
ITB_G16,,27,28,BRK,0.41,5.54,10.61,32.22,,,,,,,,,
ITB_G16,,28,29,BRK,0,0,0,0,,,,,,,,,
ITB_G16,,29,30,BRK,0,0,0,0,,,,,,,,,
ITB_G19,22,0,1,LIM,0,0,0,0,,,ITB_G19,,,,,,
ITB_G19,,1,2,LIM,0.91,49.88,0.94,11.81,,,,,,,,,
ITB_G19,,2,3,LIM,1,41.94,3.13,14.27,,,,,,,,,
ITB_G19,,3,4,LIM,1.7,21.9,7.91,32.93,,,,,,,,,
ITB_G19,,4,5,LIM,0.68,6.75,29.17,38.28,,,,,,,,,
ITB_G19,,5,6,LIM,1.07,21.08,9.25,27.98,,,,,,,,,
ITB_G19,,6,7,LIM,2.08,33.53,3.15,19.44,,,,,,,,,
ITB_G19,,7,7.35,LIM,1.18,18.93,6.74,31.08,,,,,,,,,
ITB_G19,,7.35,8,LIM,0.26,5.26,22.92,37.57,,,,,,,,,
ITB_G19,,8,8.6,LIM,0.41,5.84,32.29,37.78,,,,,,,,,
ITB_G19,,8.6,9,SAP,1.94,26.39,8.88,28.7,,,,,,,,,
ITB_G19,,9,10,SAP,2.15,25.76,3.23,22.91,,,,,,,,,
ITB_G19,,10,11,SAP,1.31,13.23,12.11,34.27,,,,,,,,,
ITB_G19,,11,12,SAP,1.69,20.51,8.77,34.73,,,,,,,,,
ITB_G19,,12,12.65,BRK,1.47,13.62,14.86,39.42,,,,,,,,,
ITB_G19,,12.65,13,BRK,0.36,7.29,38.18,37.07,,,,,,,,,
ITB_G19,,13,14,BRK,1.31,41.01,3.26,16.02,,,,,,,,,
ITB_G19,,14,14.75,BRK,1.26,19.81,4.01,26.55,,,,,,,,,
ITB_G19,,14.75,15,BRK,1.69,20.51,8.77,34.73,,,,,,,,,
ITB_G19,,15,16,BRK,0.5,7.12,28.93,36.81,,,,,,,,,
ITB_G19,,16,17,BRK,1.8,22.91,6.61,30.02,,,,,,,,,
ITB_G19,,17,17.65,BRK,1.18,17.78,9.55,33.89,,,,,,,,,
ITB_G19,,17.65,18,BRK,0.31,5.17,31.07,37.81,,,,,,,,,
ITB_G19,,18,18.35,BRK,0.31,5.17,31.07,37.81,,,,,,,,,
ITB_G19,,18.35,19,BRK,0.36,6.25,10.96,27.19,,,,,,,,,
ITB_G19,,19,19.7,BRK,0.44,6.1,10.96,37.22,,,,,,,,,
ITB_G19,,19.7,20,BRK,0,0,0,0,,,,,,,,,
ITB_G19,,20,21,BRK,0,0,0,0,,,,,,,,,
ITB_G19,,21,22,BRK,0,0,0,0,,,,,,,,,
ITB_H4,23,0,1,LIM,0.33,4.7,0.74,0,,,ITB_H4,,,,,,
ITB_H4,,1,2,LIM,0.25,14.15,3.79,0.02,,,,,,,,,
ITB_H4,,2,3,LIM,0.29,34.11,3.76,0.01,,,,,,,,,
ITB_H4,,3,4,LIM,0.26,9.36,9.71,0.01,,,,,,,,,
ITB_H4,,4,5,LIM,0.29,10.43,36.36,0.05,,,,,,,,,
ITB_H4,,5,6,LIM,0.27,7.71,34.33,0.03,,,,,,,,,
ITB_H4,,6,7,LIM,0.31,8.2,38.37,0.02,,,,,,,,,
ITB_H4,,7,8,LIM,0.36,8.06,34.83,0.03,,,,,,,,,
ITB_H4,,8,9,LIM,0.32,8.43,37.67,0.01,,,,,,,,,
ITB_H4,,9,10,LIM,0.32,8.04,38.4,0.01,,,,,,,,,
ITB_H4,,10,11,LIM,0.28,8.68,42.62,0.03,,,,,,,,,
ITB_H4,,11,12,SAP,1.8,8.01,42.42,0.02,,,,,,,,,
ITB_H4,,12,13,SAP,1.45,7.84,41.88,0.02,,,,,,,,,
ITB_H4,,13,14,SAP,1.71,7.7,40.2,0.02,,,,,,,,,
ITB_H4,,14,15,SAP,1.44,7.47,39.62,0.02,,,,,,,,,
ITB_H4,,15,16,SAP,1.85,42.86,39.42,0.01,,,,,,,,,
ITB_H4,,16,17,SAP,1.45,29.58,38.88,0.03,,,,,,,,,
ITB_H4,,17,18,SAP,1.65,14.41,39.27,0.04,,,,,,,,,
ITB_H4,,18,19,SAP,1.71,19.05,39.52,0.02,,,,,,,,,
ITB_H4,,19,20,SAP,1.73,14.15,41.57,0.38,,,,,,,,,
ITB_H4,,20,21,SAP,1.71,34.11,40.3,0.18,,,,,,,,,
ITB_H4,,21,22,SAP,1.44,9.36,41.36,0.22,,,,,,,,,
ITB_H4,,22,23,BRK,1,10.43,42.15,0.21,,,,,,,,,
ITB_H6,17.6,0,1,LIM,0.76,42.87,4.7,0.01,,,ITB_H6,,,,,,
ITB_H6,,1,2,LIM,0.11,45.16,3.79,0.02,,,,,,,,,
ITB_H6,,2,3,LIM,1.08,46.81,3.76,0.01,,,,,,,,,
ITB_H6,,3,4,LIM,1.32,50.79,9.71,0.01,,,,,,,,,
ITB_H6,,4,5,LIM,1.31,50.86,36.36,0.05,,,,,,,,,
ITB_H6,,5,6,LIM,1.2,44.62,34.33,0.03,,,,,,,,,
ITB_H6,,6,7,LIM,0.93,26.09,38.37,0.02,,,,,,,,,
ITB_H6,,7,8,SAP,1.82,34.61,34.83,0.03,,,,,,,,,
ITB_H6,,8,9,SAP,1.83,28.1,37.67,0.01,,,,,,,,,
ITB_H6,,9,10,SAP,1.91,18.07,38.4,0.01,,,,,,,,,
ITB_H6,,10,11,SAP,1.64,14.29,42.62,0.03,,,,,,,,,
ITB_H6,,11,12,SAP,1.48,14.87,42.42,0.02,,,,,,,,,
ITB_H6,,12,13,BRK,0.76,11.26,38.38,0.11,,,,,,,,,
ITB_H6,,13,14,BRK,0.6,12.08,40.63,0.6,,,,,,,,,
ITB_H6,,14,15,BRK,0.5,8.69,41.53,1.99,,,,,,,,,
ITB_H6,,15,16,BRK,0.51,10.48,38.95,0.02,,,,,,,,,
ITB_H6,,16,17,BRK,0.52,9.47,35.85,0.02,,,,,,,,,
ITB_H6,,17,17.6,BRK,0.49,8.56,38.5,0.02,,,,,,,,,
ITB_H9,41,0,1,LIM,0,0,0,0,,,ITB_H9,,,,,,
ITB_H9,,1,2,LIM,0,0,0,0,,,,,,,,,
ITB_H9,,2,3,LIM,0,0,0,0,,,,,,,,,
ITB_H9,,3,4,LIM,0,0,0,0,,,,,,,,,
ITB_H9,,4,5,LIM,0,0,0,0,,,,,,,,,
ITB_H9,,5,6,LIM,1.23,32.53,5.69,17.86,,,,,,,,,
ITB_H9,,6,7,LIM,0.99,52.04,0.83,1.8,,,,,,,,,
ITB_H9,,7,8,LIM,1.12,44.48,3.03,8.82,,,,,,,,,
ITB_H9,,8,9,LIM,1.3,45.89,2.28,5.7,,,,,,,,,
ITB_H9,,9,10,LIM,1.1,29.4,8.41,21.24,,,,,,,,,
ITB_H9,,10,11,LIM,1.1,35.31,4.98,14.96,,,,,,,,,
ITB_H9,,11,12,LIM,1.09,37.94,4.76,13.75,,,,,,,,,
ITB_H9,,12,13.5,LIM,1.07,33.66,6.22,19.79,,,,,,,,,
ITB_H9,,13.5,15,LIM,1.35,31.6,6.46,20.02,,,,,,,,,
ITB_H9,,15,16,LIM,1.03,49.07,0.91,4,,,,,,,,,
ITB_H9,,16,16.5,LIM,1.24,34.54,4.38,20.05,,,,,,,,,
ITB_H9,,16.5,17.5,LIM,1.31,27.48,5.4,28.87,,,,,,,,,
ITB_H9,,17.5,18,LIM,1.34,30.64,7.75,23.92,,,,,,,,,
ITB_H9,,18,19,SAP,1.38,22.21,10.08,35.57,,,,,,,,,
ITB_H9,,19,19.5,SAP,1.26,34.15,5.78,20.98,,,,,,,,,
ITB_H9,,19.5,21,SAP,1.13,28.36,5.27,28.88,,,,,,,,,
ITB_H9,,21,22.5,SAP,1.04,27.7,6.38,27.22,,,,,,,,,
ITB_H9,,22.5,24,SAP,0.86,18.01,8.01,42.21,,,,,,,,,
ITB_H9,,24,25,SAP,0.91,23.38,6.56,32.45,,,,,,,,,
ITB_H9,,25,26,SAP,1.34,31.08,7.11,21.19,,,,,,,,,
ITB_H9,,26,27,SAP,1.04,16.23,17.47,37.7,,,,,,,,,
ITB_H9,,27,28,SAP,0.73,6.88,34.55,40.09,,,,,,,,,
ITB_H9,,28,29,SAP,1.15,16.18,16.27,41.25,,,,,,,,,
ITB_H9,,29,30,SAP,1.39,16.47,17.11,37.57,,,,,,,,,
ITB_H9,,30,30.5,SAP,1.24,19.85,11.87,40.97,,,,,,,,,
ITB_H9,,30.5,31.5,SAP,1.49,27.16,8.85,30.58,,,,,,,,,
ITB_H9,,31.5,32,SAP,1.57,30.91,8.63,28.35,,,,,,,,,
ITB_H9,,32,33,BRK,0.83,7.35,34.03,44.16,,,,,,,,,
ITB_H9,,33,33.9,BRK,0.52,6.74,39.31,40.19,,,,,,,,,
ITB_H9,,33.9,34.5,BRK,1.17,15.77,21.4,36.57,,,,,,,,,
ITB_H9,,34.5,36,BRK,1.13,11.21,25.66,38.56,,,,,,,,,
ITB_H9,,36,37,BRK,0.36,5.44,36.28,41.14,,,,,,,,,
ITB_H9,,37,38,BRK,0.46,5.83,36.37,41.07,,,,,,,,,
ITB_H9,,38,39,BRK,1.33,14.16,19.02,43.12,,,,,,,,,
ITB_H9,,39,40,BRK,0.42,6.11,35.22,42.38,,,,,,,,,
ITB_H9,,40,41,BRK,0.37,5.61,36.88,40.7,,,,,,,,,
ITB_I7,17,0,1,LIM,1.11,43.76,0.67,1.56,,,ITB_I7,,,,,,
ITB_I7,,1,2,LIM,0.92,44.62,4.61,5.79,,,,,,,,,
ITB_I7,,2,3,LIM,0.91,43.34,0.72,2.65,,,,,,,,,
ITB_I7,,3,4,LIM,0.97,43.4,0.77,2.78,,,,,,,,,
ITB_I7,,4,5,LIM,0.91,35.04,0.69,3.33,,,,,,,,,
ITB_I7,,5,6,LIM,0.95,36.16,2.24,6.13,,,,,,,,,
ITB_I7,,6,7,LIM,1.03,33.31,2.14,11.66,,,,,,,,,
ITB_I7,,7,8,LIM,1.01,15.5,11.56,26.59,,,,,,,,,
ITB_I7,,8,8.75,LIM,1.05,29.23,8.12,16.83,,,,,,,,,
ITB_I7,,8.75,9,LIM,1.09,6.88,27.15,27.51,,,,,,,,,
ITB_I7,,9,9.5,LIM,1.11,6.28,27.46,26.51,,,,,,,,,
ITB_I7,,9.5,10,LIM,1.32,28.95,2.89,14.09,,,,,,,,,
ITB_I7,,10,11,SAP,1.82,32.15,5.55,18.33,,,,,,,,,
ITB_I7,,11,12,SAP,1.99,32.93,6.36,19.12,,,,,,,,,
ITB_I7,,12,13,SAP,1.82,33.79,2.23,12.94,,,,,,,,,
ITB_I7,,13,14,SAP,1.66,27.79,3.57,18.27,,,,,,,,,
ITB_I7,,14,15,BRK,0.25,6.37,29.43,27.42,,,,,,,,,
ITB_I7,,15,16,BRK,0.32,6.46,34.74,41.94,,,,,,,,,
ITB_I7,,16,17,BRK,0,0,0,0,,,,,,,,,
ITB_I8,20,0,1,LIM,0,0,0,0,,,ITB_I8,,,,,,
ITB_I8,,1,2,LIM,0.56,38.98,2.84,12.86,,,,,,,,,
ITB_I8,,2,3,LIM,0.72,41.4,2.78,12.28,,,,,,,,,
ITB_I8,,3,4,LIM,0.82,40.81,1.94,12.54,,,,,,,,,
ITB_I8,,4,5,LIM,0.99,40.15,3.2,13.64,,,,,,,,,
ITB_I8,,5,6,LIM,1.22,42.96,2.82,12.98,,,,,,,,,
ITB_I8,,6,7,LIM,0.66,42.2,1.9,13.58,,,,,,,,,
ITB_I8,,7,8,LIM,1.01,39.03,6.58,20.31,,,,,,,,,
ITB_I8,,8,9,LIM,1.39,38.47,3.82,19.27,,,,,,,,,
ITB_I8,,9,10,LIM,1.43,39.24,3.89,20.22,,,,,,,,,
ITB_I8,,10,11,LIM,1.29,31.79,3.91,19.79,,,,,,,,,
ITB_I8,,11,12,LIM,1.57,25.02,3.33,24.42,,,,,,,,,
ITB_I8,,12,13,LIM,0.28,5.8,31.33,36.33,,,,,,,,,
ITB_I8,,13,13.75,LIM,0.46,7.65,11.85,32.9,,,,,,,,,
ITB_I8,,13.75,14,SAP,2.34,27.63,2.88,21.5,,,,,,,,,
ITB_I8,,14,15,SAP,2.04,23.29,10.07,30.48,,,,,,,,,
ITB_I8,,15,16,SAP,2.53,32.48,6.23,24.43,,,,,,,,,
ITB_I8,,16,17,SAP,2.03,24.4,9.52,28.88,,,,,,,,,
ITB_I8,,17,18,BRK,0,0,0,0,,,,,,,,,
ITB_I8,,18,19,BRK,0,0,0,0,,,,,,,,,
ITB_I8,,19,20,BRK,0,0,0,0,,,,,,,,,
ITB_J8,30,0,1,LIM,0.83,31.21,4.18,22.2,,,ITB_J8,,,,,,
ITB_J8,,1,2,LIM,1.09,39.25,4.25,10.23,,,,,,,,,
ITB_J8,,2,3,LIM,1.27,40.89,4.05,9.2,,,,,,,,,
ITB_J8,,3,4,LIM,1.31,42,4.07,8.47,,,,,,,,,
ITB_J8,,4,5,LIM,1.08,37.49,4.14,12.38,,,,,,,,,
ITB_J8,,5,6,LIM,1.17,38.97,4,13.6,,,,,,,,,
ITB_J8,,6,7,LIM,1.14,34.49,4.15,18.59,,,,,,,,,
ITB_J8,,7,8,LIM,1.23,34.14,4.26,22.17,,,,,,,,,
ITB_J8,,8,9,LIM,1.07,28.74,5.22,29.52,,,,,,,,,
ITB_J8,,9,10,LIM,1.2,43.03,3.88,7.55,,,,,,,,,
ITB_J8,,10,11,LIM,1.14,37.89,3.94,13.7,,,,,,,,,
ITB_J8,,11,12,SAP,1.1,19.57,9.77,43.39,,,,,,,,,
ITB_J8,,12,13,SAP,1.56,35.07,4.28,21.71,,,,,,,,,
ITB_J8,,13,14,SAP,1.35,33.93,4.33,22.85,,,,,,,,,
ITB_J8,,14,15,SAP,1.23,28.5,6.09,29.47,,,,,,,,,
ITB_J8,,15,15.7,SAP,1.36,36.15,4.66,17.26,,,,,,,,,
ITB_J8,,15.7,16,SAP,0.85,11.37,25.68,41.15,,,,,,,,,
ITB_J8,,16,17,SAP,1.81,24.91,6.97,34.84,,,,,,,,,
ITB_J8,,17,18,SAP,0.57,6.82,34.36,43,,,,,,,,,
ITB_J8,,18,19,BRK,0.45,6.31,35.28,42.14,,,,,,,,,
ITB_J8,,19,19.3,BRK,0.57,6.61,34.24,43.66,,,,,,,,,
ITB_J8,,19.3,20,BRK,1.52,21.66,9.15,37.36,,,,,,,,,
ITB_J8,,20,21,BRK,2.46,26.98,5.36,18.7,,,,,,,,,
ITB_J8,,21,22,BRK,0.44,6.24,37.12,42.39,,,,,,,,,
ITB_J8,,22,23,BRK,0.52,9.36,30.9,37.5,,,,,,,,,
ITB_J8,,23,24,BRK,0.45,6.45,35.53,42.72,,,,,,,,,
ITB_J8,,24,25,BRK,0.78,8.86,29.62,42.82,,,,,,,,,
ITB_J8,,25,26,BRK,2.65,28.31,4.94,16.16,,,,,,,,,
ITB_J8,,26,27,BRK,2.72,28.75,4.94,16.03,,,,,,,,,
ITB_J8,,27,28,BRK,0.53,6.83,35.89,41.68,,,,,,,,,
ITB_J8,,28,29,BRK,0.39,5.75,36.59,44.21,,,,,,,,,
ITB_J8,,29,30,BRK,0,0,0,0,,,,,,,,,
ITB_K8,32,0,1,LIM,0.9,43.66,0.61,1.32,,,ITB_K8,,,,,,
ITB_K8,,1,2,LIM,0.92,44.51,0.59,1.17,,,,,,,,,
ITB_K8,,2,3,LIM,0.82,42.83,0.4,0.75,,,,,,,,,
ITB_K8,,3,4,LIM,1.16,44.58,0.51,0.99,,,,,,,,,
ITB_K8,,4,5,LIM,1.12,42.82,0.45,1.1,,,,,,,,,
ITB_K8,,5,6,LIM,1.34,41.64,0.46,1.01,,,,,,,,,
ITB_K8,,6,7,LIM,1.16,43.39,1.2,2.19,,,,,,,,,
ITB_K8,,7,8,LIM,1.58,38.5,1.02,6.12,,,,,,,,,
ITB_K8,,8,9,LIM,1.26,42.85,0.43,2.49,,,,,,,,,
ITB_K8,,9,10,LIM,0.64,36.72,0.94,4.69,,,,,,,,,
ITB_K8,,10,11,LIM,1.2,26.53,3.61,8.63,,,,,,,,,
ITB_K8,,11,12,LIM,1.2,26.53,3.61,8.63,,,,,,,,,
ITB_K8,,12,13,LIM,1.89,36.47,0.97,7.06,,,,,,,,,
ITB_K8,,13,14,LIM,1.6,29.23,2.11,11.09,,,,,,,,,
ITB_K8,,14,15,LIM,1.44,27.42,3.95,12.89,,,,,,,,,
ITB_K8,,15,16,SAP,1.8,26.9,3.03,12.13,,,,,,,,,
ITB_K8,,16,17,SAP,2.01,33.58,1.49,10.32,,,,,,,,,
ITB_K8,,17,18,SAP,2.12,35.96,0.95,9.32,,,,,,,,,
ITB_K8,,18,19,BRK,0.26,6.51,20.12,20.94,,,,,,,,,
ITB_K8,,19,20,BRK,0.26,6.47,21.3,21.91,,,,,,,,,
ITB_K8,,20,21,BRK,0.69,15.21,8.91,14.12,,,,,,,,,
ITB_K8,,21,22,BRK,0.69,15.21,8.91,14.12,,,,,,,,,
ITB_K8,,22,23,BRK,0.23,6.39,20.33,20.82,,,,,,,,,
ITB_K8,,23,24,BRK,0.22,6.34,21.3,21.46,,,,,,,,,
ITB_K8,,24,25,BRK,0.22,6.2,19.86,20.11,,,,,,,,,
ITB_K8,,25,26,BRK,0.33,6.44,19.83,21.17,,,,,,,,,
ITB_K8,,26,27,BRK,1,22.9,4.42,15.28,,,,,,,,,
ITB_K8,,27,28,BRK,0.66,29.64,2.45,12.26,,,,,,,,,
ITB_K8,,28,29,BRK,1.22,32.57,1.31,11.73,,,,,,,,,
ITB_K8,,29,30,BRK,1.33,28.79,2.94,13.65,,,,,,,,,
ITB_K8,,30,31,BRK,1.13,28.79,2.94,13.65,,,,,,,,,
ITB_K8,,31,32,BRK,0.25,6.62,21.89,22.59,,,,,,,,,
ITB_K10,28,0,1,LIM,1.14,42.71,10.37,6.76,,,ITB_K10,,,,,,
ITB_K10,,1,2,LIM,1.2,42.04,0.64,7.26,,,,,,,,,
ITB_K10,,2,3,LIM,1.31,41.7,1.38,7.44,,,,,,,,,
ITB_K10,,3,4,LIM,1.18,40.14,4.55,8.9,,,,,,,,,
ITB_K10,,4,5,LIM,1.27,39.77,0.96,7.74,,,,,,,,,
ITB_K10,,5,6,LIM,0.94,40.85,1.68,7.56,,,,,,,,,
ITB_K10,,6,7,LIM,1.14,41.16,0.63,7.11,,,,,,,,,
ITB_K10,,7,8,LIM,1.46,40.99,0.83,8.6,,,,,,,,,
ITB_K10,,8,9,SAP,1.53,41.16,3.32,9.47,,,,,,,,,
ITB_K10,,9,10,SAP,1.52,42.1,1.56,8.29,,,,,,,,,
ITB_K10,,10,11,SAP,1.57,40.96,1.4,8.15,,,,,,,,,
ITB_K10,,11,12,SAP,1.22,37.5,3.09,9.91,,,,,,,,,
ITB_K10,,12,13,SAP,1.61,40.9,2.73,9.91,,,,,,,,,
ITB_K10,,13,14,SAP,1.58,38.39,6.22,13.57,,,,,,,,,
ITB_K10,,14,15,SAP,1.52,36.54,6.43,13.81,,,,,,,,,
ITB_K10,,15,16,BRK,1.4,28.53,14.54,21,,,,,,,,,
ITB_K10,,16,16.3,BRK,1.51,25.27,12.15,19.32,,,,,,,,,
ITB_K10,,16.3,17,BRK,0.37,6.97,31.27,27.93,,,,,,,,,
ITB_K10,,17,18,BRK,0.26,3.94,34.76,31.23,,,,,,,,,
ITB_K10,,18,19,BRK,0.34,4.43,36.29,30.38,,,,,,,,,
ITB_K10,,19,19.45,BRK,0.37,5.69,30.29,28.45,,,,,,,,,
ITB_K10,,19.45,20,BRK,1.18,13.55,22.38,32.33,,,,,,,,,
ITB_K10,,20,21,BRK,1.69,11.5,29.6,33.04,,,,,,,,,
ITB_K10,,21,21.7,BRK,0.24,4.1,38.38,30.44,,,,,,,,,
ITB_K10,,21.7,22,BRK,0.38,5.57,32.19,30.36,,,,,,,,,
ITB_K10,,22,23,BRK,0.29,4.17,35.72,29.5,,,,,,,,,
ITB_K10,,23,23.25,BRK,0.51,4.78,35.1,31.29,,,,,,,,,
ITB_K10,,23.25,23.5,BRK,2.3,23.08,11.64,22.78,,,,,,,,,
ITB_K10,,23.5,24,BRK,0.31,4.5,37.57,29.07,,,,,,,,,
ITB_K10,,24,24.8,BRK,1.09,15.16,16.99,31.75,,,,,,,,,
ITB_K10,,24.8,25,BRK,1.58,13.37,17.06,27.41,,,,,,,,,
ITB_K10,,25,25.25,BRK,1.49,11.6,23.83,31.51,,,,,,,,,
ITB_K10,,25.25,26,BRK,0.4,5.26,33.74,30.21,,,,,,,,,
ITB_K10,,26,27,BRK,0.39,4.99,37.84,32.17,,,,,,,,,
ITB_K10,,27,28,BRK,0.44,5.18,34.17,32.21,,,,,,,,,
ITB_L3,28,0,1,LIM,0.09,33.13,2.83,15.37,,,ITB_L3,,,,,,
ITB_L3,,1,2,LIM,0.15,31.66,2.88,17.51,,,,,,,,,
ITB_L3,,2,3,LIM,0.1,36,2.85,14.38,,,,,,,,,
ITB_L3,,3,4,LIM,0.13,29.52,2.91,13.72,,,,,,,,,
ITB_L3,,4,5,LIM,0.11,25.61,2.95,13.28,,,,,,,,,
ITB_L3,,5,6,LIM,0.18,29.92,3.12,14.16,,,,,,,,,
ITB_L3,,6,7,LIM,0.17,27.22,2.84,14.33,,,,,,,,,
ITB_L3,,7,8,LIM,0.2,27.16,2.97,19.46,,,,,,,,,
ITB_L3,,8,9,LIM,0.15,26.31,2.83,21.68,,,,,,,,,
ITB_L3,,9,10,LIM,0.25,26.85,3.05,23.11,,,,,,,,,
ITB_L3,,10,11,LIM,0.61,16.23,3.94,32.47,,,,,,,,,
ITB_L3,,11,12,LIM,0.65,17.43,3.91,33.09,,,,,,,,,
ITB_L3,,12,13,LIM,0.76,23.84,4.07,28.9,,,,,,,,,
ITB_L3,,13,14,SAP,1.56,29.68,3.68,25.97,,,,,,,,,
ITB_L3,,14,14.7,SAP,1.77,28.19,4.59,28.37,,,,,,,,,
ITB_L3,,14.7,15,SAP,2.18,17.04,8.32,33.8,,,,,,,,,
ITB_L3,,15,15.5,SAP,1.94,13.17,11.22,32.42,,,,,,,,,
ITB_L3,,15.5,16,SAP,2.29,17.34,9.74,31.3,,,,,,,,,
ITB_L3,,16,17,SAP,1.79,18.15,9.94,31.95,,,,,,,,,
ITB_L3,,17,18,SAP,1.43,22.25,7.43,29.57,,,,,,,,,
ITB_L3,,18,19,SAP,1.97,21.86,7.78,29.06,,,,,,,,,
ITB_L3,,19,20,SAP,1.53,19.67,8.7,30.22,,,,,,,,,
ITB_L3,,20,21,SAP,1.24,20.21,8.85,30.8,,,,,,,,,
ITB_L3,,21,22,SAP,1.61,16.71,9.81,34.05,,,,,,,,,
ITB_L3,,22,23,SAP,2.02,18.99,9.29,33.61,,,,,,,,,
ITB_L3,,23,24,BRK,0.88,9.15,15.21,34.08,,,,,,,,,
ITB_L3,,24,25,BRK,1.63,20.09,9.34,33.69,,,,,,,,,
ITB_L3,,25,25.55,BRK,1.36,19.1,8.85,32.52,,,,,,,,,
ITB_L3,,25.55,26,BRK,1.28,16.01,11.77,33.57,,,,,,,,,
ITB_L3,,26,27,BRK,0.51,7.89,17.33,34.29,,,,,,,,,
ITB_L3,,27,28,BRK,0.83,11.3,15.45,34.71,,,,,,,,,
ITB_L7,43,0,1,LIM,0.1046,36.2151,2.17219344,13.6949475,,,ITB_L7,,,,,,
ITB_L7,,1,2,LIM,0.2266,30.6336,12.7196786,35.6917818,,,,,,,,,
ITB_L7,,2,3,LIM,0.1971,31.3353,2.9265358,21.4997307,,,,,,,,,
ITB_L7,,3,4,LIM,0.4683,33.9288,12.7120518,38.9751468,,,,,,,,,
ITB_L7,,4,5,LIM,0.6047,37.962,2.8961944,16.3753284,,,,,,,,,
ITB_L7,,5,6,LIM,0.4525,33.1425,2.02400644,20.4631713,,,,,,,,,
ITB_L7,,6,7,LIM,0.4274,26.687,12.7254816,43.5701466,,,,,,,,,
ITB_L7,,7,8,LIM,0.7253,28.3246,4.71941398,6.3049164,,,,,,,,,
ITB_L7,,8,9,LIM,0.9014,35.1525,1.99186126,19.6308864,,,,,,,,,
ITB_L7,,9,10,LIM,1.102,40.3608,2.9527322,16.1263488,,,,,,,,,
ITB_L7,,10,11,LIM,1.1104,41.2292,1.96780937,15.8904171,,,,,,,,,
ITB_L7,,11,12,LIM,1.1779,40.0742,2.8386618,15.6679611,,,,,,,,,
ITB_L7,,12,13,LIM,1.0789,40.2833,2.03426554,15.3744903,,,,,,,,,
ITB_L7,,13,14,LIM,1.2298,40.012,12.7675948,36.4789338,,,,,,,,,
ITB_L7,,14,15,LIM,1.3879,41.679,3.0346374,14.6964273,,,,,,,,,
ITB_L7,,15,16,LIM,1.109,37.4856,12.7853354,36.7488756,,,,,,,,,
ITB_L7,,16,17,LIM,1.2727,13.1257,19.0840774,54.157341,,,,,,,,,
ITB_L7,,17,18,LIM,1.4461,35.874,3.7135884,20.7215625,,,,,,,,,
ITB_L7,,18,19,LIM,0.8527,27.5253,2.05398581,32.502105,,,,,,,,,
ITB_L7,,19,20,LIM,0.5206,21.0124,2.10744712,49.3332543,,,,,,,,,
ITB_L7,,20,21,LIM,0.9191,28.8271,3.0696212,32.8903335,,,,,,,,,
ITB_L7,,21,22,LIM,1.194,30.9322,2.63852653,21.5414412,,,,,,,,,
ITB_L7,,22,23,LIM,1.7977,28.9016,3.4592512,24.5766822,,,,,,,,,
ITB_L7,,23,24,LIM,0.1636,4.291,16.454821,34.4650653,,,,,,,,,
ITB_L7,,24,25,LIM,0.2402,4.8901,17.825987,35.1185298,,,,,,,,,
ITB_L7,,25,26,SAP,2.1486,26.0483,4.1877764,27.2917149,,,,,,,,,
ITB_L7,,26,27,SAP,0.1991,4.575,15.0511582,35.3108259,,,,,,,,,
ITB_L7,,27,27.3,SAP,1.7267,24.8095,15.091116,48.358512,,,,,,,,,
ITB_L7,,27.3,28,BRK,0.1446,25.2784,3.334238,17.614665,,,,,,,,,
ITB_L7,,28,29,BRK,0.1636,4.3371,17.8150442,34.5842076,,,,,,,,,
ITB_L7,,29,30,BRK,0.1338,3.4289,15.9970472,37.3987038,,,,,,,,,
ITB_L7,,30,30.5,BRK,1.7764,27.7049,4.2534332,24.7347543,,,,,,,,,
ITB_L7,,30.5,31,BRK,0.1927,5.0327,19.6219326,35.6607663,,,,,,,,,
ITB_L7,,31,32,BRK,1.3485,18.9074,16.980407,54.1201224,,,,,,,,,
ITB_L7,,32,33,BRK,2.3195,31.1611,2.60216372,27.8467854,,,,,,,,,
ITB_L7,,33,34,BRK,1.5838,18.9113,3.65588728,38.2076736,,,,,,,,,
ITB_L7,,34,35,BRK,0.3446,5.6593,17.4638798,38.1867114,,,,,,,,,
ITB_L7,,35,36,BRK,2.1521,21.6724,3.51077801,38.7871287,,,,,,,,,
ITB_L7,,36,36.3,BRK,1.2917,14.7055,17.9508344,56.3046831,,,,,,,,,
ITB_L7,,36.3,37,BRK,0.2134,4.9515,16.7331992,36.0389415,,,,,,,,,
ITB_L7,,37,38,BRK,0.1603,4.6447,16.7836024,35.8286778,,,,,,,,,
ITB_L7,,38,38.5,BRK,0.2339,4.7359,17.3403588,35.8374477,,,,,,,,,
ITB_L7,,38.5,39,BRK,0.1664,4.3972,19.4546404,34.8188559,,,,,,,,,
ITB_L7,,39,40,BRK,0.1902,4.5065,15.4595236,34.0879596,,,,,,,,,
ITB_L7,,40,41,BRK,0,0,0,0,,,,,,,,,
ITB_L7,,41,42,BRK,0,0,0,0,,,,,,,,,
ITB_L7,,42,43,BRK,0,0,0,0,,,,,,,,,
ITB_L8,25.6,0,1,LIM,0.96,46.12,6.47,7.55,,,ITB_L8,,,,,,
ITB_L8,,1,2,LIM,1.12,46.47,4.22,6.71,,,,,,,,,
ITB_L8,,2,3,LIM,1.09,46.86,3.74,6.48,,,,,,,,,
ITB_L8,,3,4,LIM,1.28,45.63,3.59,6.53,,,,,,,,,
ITB_L8,,4,5,LIM,1.27,45.37,3.39,6.45,,,,,,,,,
ITB_L8,,5,6,LIM,1.23,44.45,3.4,6.46,,,,,,,,,
ITB_L8,,6,7,LIM,1.16,41.88,4.35,6.47,,,,,,,,,
ITB_L8,,7,8,LIM,1.18,44.73,3.49,6.35,,,,,,,,,
ITB_L8,,8,9,SAP,1.36,42.41,3.5,7.05,,,,,,,,,
ITB_L8,,9,10,SAP,1.26,42.64,3.48,6.49,,,,,,,,,
ITB_L8,,10,11,SAP,1.09,38.84,4.8,8.72,,,,,,,,,
ITB_L8,,11,11.6,SAP,1.11,36.76,7.69,10.12,,,,,,,,,
ITB_L8,,11.6,12,SAP,0.7,6.76,36.45,20.77,,,,,,,,,
ITB_L8,,12,13,SAP,1.07,12.02,17.96,26.43,,,,,,,,,
ITB_L8,,13,14,SAP,1.18,17.08,15.38,21.46,,,,,,,,,
ITB_L8,,14,15,SAP,1.79,18.83,21.15,16.35,,,,,,,,,
ITB_L8,,15,16,SAP,0.91,8.62,33.17,20.16,,,,,,,,,
ITB_L8,,16,16.85,SAP,0.55,5.58,39.36,20.89,,,,,,,,,
ITB_L8,,16.85,17,SAP,1.63,15.99,24.49,20.57,,,,,,,,,
ITB_L8,,17,18,BRK,1.3,17.58,13.91,22.02,,,,,,,,,
ITB_L8,,18,19,BRK,1.3,11.69,20.38,27.93,,,,,,,,,
ITB_L8,,19,20,BRK,0.79,5.21,26.82,32.8,,,,,,,,,
ITB_L8,,20,21,BRK,0.64,4.18,27.91,32.58,,,,,,,,,
ITB_L8,,21,21.6,BRK,0.68,6.39,34.14,25.42,,,,,,,,,
ITB_L8,,21.6,22,BRK,0.49,4.51,43.29,22.63,,,,,,,,,
ITB_L8,,22,23,BRK,0.49,4.51,43.29,22.63,,,,,,,,,
ITB_L8,,23,24,BRK,0.49,4.51,43.29,22.63,,,,,,,,,
ITB_L8,,24,24.2,BRK,0.49,4.51,43.29,22.63,,,,,,,,,
ITB_L8,,24.2,25,BRK,0.87,11.08,20.13,29.98,,,,,,,,,
ITB_L8,,25,25.6,BRK,0.95,10.64,16.81,33.78,,,,,,,,,
ITB_M14,35,0,1,LIM,0.77,51.87,0.08,1.42,,,ITB_M14,,,,,,
ITB_M14,,1,2,LIM,0.88,50.78,0.09,1.23,,,,,,,,,
ITB_M14,,2,3,LIM,1.05,51.37,0.09,1.74,,,,,,,,,
ITB_M14,,3,4,LIM,0.33,52.48,0.1,1.21,,,,,,,,,
ITB_M14,,4,5,LIM,0.77,52.91,0.11,0.97,,,,,,,,,
ITB_M14,,5,6,LIM,0.85,52.72,0.11,1.31,,,,,,,,,
ITB_M14,,6,7,LIM,1.69,50.77,0.13,1.14,,,,,,,,,
ITB_M14,,7,8,LIM,0.57,49.76,0.12,1.05,,,,,,,,,
ITB_M14,,8,9,LIM,0.27,50.04,0.12,1.08,,,,,,,,,
ITB_M14,,9,10,LIM,0.26,50.64,0.1,1.24,,,,,,,,,
ITB_M14,,10,11,LIM,1.38,49.55,0.11,1.2,,,,,,,,,
ITB_M14,,11,12,LIM,1.46,50.71,0.11,0.97,,,,,,,,,
ITB_M14,,12,13,LIM,1.14,50.71,0.11,1.56,,,,,,,,,
ITB_M14,,13,14,SAP,1.6,51.54,0.13,1.14,,,,,,,,,
ITB_M14,,14,15,SAP,1.5,50.43,0.15,1.29,,,,,,,,,
ITB_M14,,15,16,SAP,1.31,49.71,0.13,1.2,,,,,,,,,
ITB_M14,,16,17,SAP,1.43,49.1,0.16,1.17,,,,,,,,,
ITB_M14,,17,18,SAP,1.49,49.2,0.13,1.24,,,,,,,,,
ITB_M14,,18,19,SAP,1.56,48.91,0.13,1.3,,,,,,,,,
ITB_M14,,19,20,SAP,1.41,48.93,0.11,1.41,,,,,,,,,
ITB_M14,,20,21,SAP,1.55,48.8,0.14,1.14,,,,,,,,,
ITB_M14,,21,22,BRK,1.29,49.45,0.13,1.17,,,,,,,,,
ITB_M14,,22,23,BRK,1.41,48.59,0.12,1.37,,,,,,,,,
ITB_M14,,23,24,BRK,1.17,45.36,0.12,1.8,,,,,,,,,
ITB_M14,,24,25,BRK,1.45,39.05,0.12,3.06,,,,,,,,,
ITB_M14,,25,26,BRK,1.4,18.16,0.04,17.91,,,,,,,,,
ITB_M14,,26,27,BRK,1.63,15.63,0.03,15.9,,,,,,,,,
ITB_M14,,27,27.3,BRK,1.65,20.6,0.06,10.32,,,,,,,,,
ITB_M14,,27.3,28,BRK,1.63,7.51,0,31.16,,,,,,,,,
ITB_M14,,28,29,BRK,1.39,8.94,0.01,27.32,,,,,,,,,
ITB_M14,,29,30,BRK,1.49,8.37,0.01,28.07,,,,,,,,,
ITB_M14,,30,31,BRK,1.78,6.64,0.01,22.1,,,,,,,,,
ITB_M14,,31,32,BRK,1.67,7.47,0,33.44,,,,,,,,,
ITB_M14,,32,33,BRK,1.2,7.58,0,35.22,,,,,,,,,
ITB_M14,,33,34,BRK,0.26,7.42,0,34.9,,,,,,,,,
ITB_M14,,34,35,BRK,0.22,7.24,0,34.25,,,,,,,,,
ITB_M19,13,0,1,LIM,0.67,38.23,2.15,0.02,,,ITB_M19,,,,,,
ITB_M19,,1,2,LIM,1.06,49.04,1.89,0.03,,,,,,,,,
ITB_M19,,2,3,LIM,1.09,49.66,1.86,0.02,,,,,,,,,
ITB_M19,,3,4,LIM,1.25,44.44,2.07,0.01,,,,,,,,,
ITB_M19,,4,5,LIM,1.06,49.45,2.32,0.01,,,,,,,,,
ITB_M19,,5,6,LIM,1.37,46.46,8.49,0.01,,,,,,,,,
ITB_M19,,6,7,SAP,1.48,44.49,25.45,0.01,,,,,,,,,
ITB_M19,,7,8,SAP,1.74,35.59,36.44,0.01,,,,,,,,,
ITB_M19,,8,9,SAP,1.71,34.52,39.05,0.02,,,,,,,,,
ITB_M19,,9,10,SAP,1.65,12.29,39.98,0.11,,,,,,,,,
ITB_M19,,10,11,SAP,1.55,9.35,42.87,2.41,,,,,,,,,
ITB_M19,,11,12,BRK,0.64,8.78,41.08,1.69,,,,,,,,,
ITB_M19,,12,13,BRK,0.72,9.33,41.42,2.03,,,,,,,,,
